{
  "version": 1,
  "author": "Gemini",
  "editor": "Wokwi",
  "parts": [
    { "type": "wokwi-esp32-devkit-v1", "id": "esp", "top": -76.4, "left": -57.4 },
    {
      "type": "wokwi-dht22",
      "id": "dht1",
      "top": -172.6,
      "left": 134.6,
      "attrs": {}
    },
    {
      "type": "wokwi-potentiometer",
      "id": "pot1",
      "top": 125,
      "left": 211.4,
      "attrs": { "label": "pH Sensor" }
    },
    {
      "type": "wokwi-led",
      "id": "led1",
      "top": -182.2,
      "left": -172.6,
      "attrs": { "color": "green", "label": "GOOD" }
    },
    {
      "type": "wokwi-resistor",
      "id": "r1",
      "top": -115,
      "left": -172.7,
      "attrs": { "value": "220" }
    },
    {
      "type": "wokwi-led",
      "id": "led2",
      "top": -182.2,
      "left": -124.6,
      "attrs": { "color": "yellow", "label": "WARNING" }
    },
    {
      "type": "wokwi-resistor",
      "id": "r2",
      "top": -115,
      "left": -124.7,
      "attrs": { "value": "220" }
    },
    {
      "type": "wokwi-led",
      "id": "led3",
      "top": -182.2,
      "left": -76.6,
      "attrs": { "color": "red", "label": "BAD" }
    },
    {
      "type": "wokwi-resistor",
      "id": "r3",
      "top": -115,
      "left": -76.7,
      "attrs": { "value": "220" }
    },
    {
      "type": "wokwi-mq2",
      "id": "mq2",
      "top": 24.2,
      "left": 173,
      "attrs": { "label": "Gas Sensor" }
    },
    {
      "type": "wokwi-reed-switch",
      "id": "reed1",
      "top": 178.6,
      "left": -9.4,
      "attrs": {}
    },
    { "type": "wokwi-magnet", "id": "magnet1", "top": 125, "left": 48.2, "attrs": {} },
    {
      "type": "wokwi-potentiometer",
      "id": "pot2",
      "top": 200,
      "left": 40,
      "attrs": { "label": "Battery Level" }
    }
  ],
  "connections": [
    [ "esp:TX", "$serialMonitor:RX", "", [] ],
    [ "esp:RX", "$serialMonitor:TX", "", [] ],
    [ "dht1:VCC", "esp:3V3", "red", [ "h0" ] ],
    [ "dht1:GND", "esp:GND.1", "black", [ "h0" ] ],
    [ "dht1:SDA", "esp:D27", "green", [ "h0" ] ],
    [ "led1:A", "r1:1", "green", [ "v0" ] ],
    [ "r1:2", "esp:D13", "green", [ "v0" ] ],
    [ "led1:C", "esp:GND.1", "black", [ "v0" ] ],
    [ "led2:A", "r2:1", "gold", [ "v0" ] ],
    [ "r2:2", "esp:D12", "gold", [ "v0" ] ],
    [ "led2:C", "esp:GND.1", "black", [ "v0" ] ],
    [ "led3:A", "r3:1", "red", [ "v0" ] ],
    [ "r3:2", "esp:D14", "red", [ "v0" ] ],
    [ "led3:C", "esp:GND.1", "black", [ "v0" ] ],
    [ "mq2:VCC", "esp:3V3", "red", [ "v0" ] ],
    [ "mq2:GND", "esp:GND.1", "black", [ "v0" ] ],
    [ "mq2:A0", "esp:D34", "orange", [ "v0" ] ],
    [ "pot1:GND", "esp:GND.1", "black", [ "v0" ] ],
    [ "pot1:VCC", "esp:3V3", "red", [ "v0" ] ],
    [ "pot1:SIG", "esp:D35", "purple", [ "v0" ] ],
    [ "reed1:1", "esp:D26", "cyan", [ "h0" ] ],
    [ "reed1:2", "esp:GND.1", "black", [ "h0" ] ],
    [ "pot2:GND", "esp:GND.1", "black", [ "v0" ] ],
    [ "pot2:VCC", "esp:3V3", "red", [ "v0" ] ],
    [ "pot2:SIG", "esp:D32", "blue", [ "v0" ] ]
  ]
}