"id","recorded_at","battery","temperature","humidity","gas_level","ph_level","status","box_status","expired_in_days"
1,2025-08-30 13:45:04.059 +0700,42,34.5,48.89,22.39,3.53,bad,tertutup,0
2,2025-08-30 13:45:11.467 +0700,78,23.1,50.89,35.54,4.32,warning,tertutup,2
3,2025-08-30 13:45:18.824 +0700,81,32.68,61.04,4.38,5.56,warning,tertutup,1
4,2025-08-30 13:45:26.218 +0700,63,20.77,46.66,6.99,5.82,good,tertutup,7
5,2025-08-30 13:45:33.600 +0700,76,29.05,63.85,79.65,3.61,bad,tertutup,0
6,2025-08-30 13:45:40.980 +0700,84,20.53,75.07,30.74,6.4,good,tertutup,8
7,2025-08-30 13:45:48.376 +0700,75,35.72,59.58,26.11,4.96,bad,tertutup,0
8,2025-08-30 13:45:55.782 +0700,36,39.95,89.18,1.89,7.62,bad,terbuka,0
9,2025-08-30 13:46:03.129 +0700,84,34.05,84.14,62.92,8.2,warning,terbuka,2
10,2025-08-30 13:46:10.515 +0700,32,39.03,40.15,19.84,7.19,bad,tertutup,0
11,2025-08-30 13:46:17.923 +0700,68,39.99,44.52,40.05,6.87,bad,tertutup,0
12,2025-08-30 13:46:25.315 +0700,83,33.44,40.98,25.33,6.83,warning,terbuka,1
13,2025-08-30 13:46:32.747 +0700,87,26.93,48.94,98.86,7.77,bad,terbuka,0
14,2025-08-30 13:46:40.158 +0700,43,37.62,44.83,72.88,6.58,bad,terbuka,0
15,2025-08-30 13:46:47.560 +0700,65,26.0,51.22,90.51,3.32,bad,tertutup,0
16,2025-08-30 13:46:54.964 +0700,88,35.67,55.27,91.86,6.63,bad,terbuka,0
17,2025-08-30 13:47:02.359 +0700,83,23.32,49.94,26.17,8.56,bad,terbuka,0
18,2025-08-30 13:47:09.719 +0700,90,32.12,53.09,56.12,8.02,warning,tertutup,2
19,2025-08-30 13:47:17.128 +0700,52,22.13,61.1,88.88,3.39,bad,terbuka,0
20,2025-08-30 13:47:24.531 +0700,58,29.08,73.98,44.82,6.06,good,tertutup,10
21,2025-08-30 13:47:31.938 +0700,33,27.26,57.74,64.28,6.94,warning,terbuka,2
22,2025-08-30 13:47:39.361 +0700,81,32.25,88.16,85.54,4.54,bad,terbuka,0
23,2025-08-30 13:47:46.751 +0700,94,22.49,94.96,30.4,7.32,bad,terbuka,0
24,2025-08-30 13:47:54.155 +0700,49,32.85,71.34,43.21,8.73,bad,terbuka,0
25,2025-08-30 13:48:01.536 +0700,93,27.36,48.62,72.98,7.78,warning,tertutup,2
26,2025-08-30 13:48:08.906 +0700,73,30.68,72.78,80.53,8.7,bad,terbuka,0
27,2025-08-30 13:48:16.284 +0700,65,35.97,43.92,26.99,5.85,bad,tertutup,0
28,2025-08-30 13:48:23.668 +0700,66,33.2,56.51,32.98,5.9,warning,terbuka,2
29,2025-08-30 13:48:31.091 +0700,77,22.76,83.38,75.16,7.15,warning,tertutup,1
30,2025-08-30 13:48:38.459 +0700,63,38.06,62.1,50.66,8.65,bad,terbuka,0
31,2025-08-30 13:48:45.841 +0700,59,35.4,90.04,6.41,6.1,bad,terbuka,0
32,2025-08-30 13:48:53.224 +0700,43,22.15,85.43,57.07,5.59,warning,terbuka,3
33,2025-08-30 13:49:00.641 +0700,79,38.24,83.48,90.82,7.42,bad,tertutup,0
34,2025-08-30 13:49:08.023 +0700,87,33.54,64.98,75.4,7.21,warning,tertutup,1
35,2025-08-30 13:49:15.390 +0700,91,30.36,69.96,56.64,7.74,warning,tertutup,3
36,2025-08-30 13:49:22.770 +0700,81,35.33,40.18,27.97,8.66,bad,tertutup,0
37,2025-08-30 13:49:30.153 +0700,61,25.88,71.75,20.37,8.76,bad,tertutup,0
38,2025-08-30 13:49:37.499 +0700,99,22.93,94.38,18.6,5.21,bad,tertutup,0
39,2025-08-30 13:49:44.881 +0700,77,20.89,65.67,30.38,4.86,good,terbuka,7
40,2025-08-30 13:49:52.184 +0700,83,30.52,90.65,94.9,8.6,bad,tertutup,0
41,2025-08-30 13:49:59.591 +0700,35,36.2,52.1,60.49,8.94,bad,terbuka,0
42,2025-08-30 13:50:06.997 +0700,73,25.08,80.29,85.94,4.21,bad,tertutup,0
43,2025-08-30 13:50:14.400 +0700,51,33.37,42.87,80.73,4.8,bad,tertutup,0
44,2025-08-30 13:50:21.797 +0700,46,31.03,40.11,1.03,6.78,warning,terbuka,2
45,2025-08-30 13:50:29.198 +0700,80,29.45,58.03,31.29,3.02,bad,terbuka,0
46,2025-08-30 13:50:36.546 +0700,70,33.84,56.57,21.62,6.32,warning,terbuka,1
47,2025-08-30 13:50:43.902 +0700,64,26.55,85.63,89.35,3.63,bad,tertutup,0
48,2025-08-30 13:50:51.193 +0700,88,27.09,68.97,92.63,7.89,bad,terbuka,0
49,2025-08-30 13:50:58.483 +0700,70,36.88,40.3,25.96,7.59,bad,terbuka,0
50,2025-08-30 13:51:05.848 +0700,54,32.54,59.52,38.3,5.22,warning,tertutup,1
51,2025-08-30 13:51:13.231 +0700,40,24.0,88.0,60.79,5.58,warning,terbuka,3
52,2025-08-30 13:51:20.523 +0700,30,21.32,65.39,24.32,5.91,good,terbuka,10
53,2025-08-30 13:51:27.941 +0700,58,29.25,55.95,33.28,8.79,bad,terbuka,0
54,2025-08-30 13:51:35.344 +0700,30,22.0,53.05,98.51,4.04,bad,tertutup,0
55,2025-08-30 13:51:42.710 +0700,60,37.11,69.83,89.27,7.06,bad,tertutup,0
56,2025-08-30 13:51:50.083 +0700,44,29.08,42.13,81.88,4.4,bad,tertutup,0
57,2025-08-30 13:51:57.431 +0700,30,35.44,94.69,77.96,8.54,bad,tertutup,0
58,2025-08-30 13:52:04.781 +0700,30,27.63,70.33,93.99,8.29,bad,tertutup,0
59,2025-08-30 13:52:12.068 +0700,34,31.42,42.13,72.61,3.65,bad,tertutup,0
60,2025-08-30 13:52:19.360 +0700,33,31.97,88.57,41.37,4.5,warning,terbuka,3
61,2025-08-30 13:52:26.744 +0700,84,36.52,80.03,6.35,6.0,bad,terbuka,0
62,2025-08-30 13:52:34.169 +0700,78,27.45,40.85,29.38,7.01,good,terbuka,7
63,2025-08-30 13:52:41.547 +0700,36,33.58,53.86,72.64,3.92,bad,terbuka,0
64,2025-08-30 13:52:48.922 +0700,82,37.68,47.73,88.45,8.11,bad,terbuka,0
65,2025-08-30 13:52:56.251 +0700,64,23.87,55.4,79.22,8.85,bad,tertutup,0
66,2025-08-30 13:53:03.596 +0700,71,31.13,57.39,71.51,8.97,bad,tertutup,0
67,2025-08-30 13:53:11.000 +0700,74,37.77,56.9,21.14,3.84,bad,tertutup,0
68,2025-08-30 13:53:18.445 +0700,75,23.38,79.17,91.49,4.79,bad,terbuka,0
69,2025-08-30 13:53:25.836 +0700,89,28.58,56.18,71.96,6.78,warning,terbuka,1
70,2025-08-30 13:53:33.206 +0700,36,36.24,77.31,27.94,3.57,bad,tertutup,0
71,2025-08-30 13:53:40.601 +0700,64,24.05,46.87,3.15,7.73,good,terbuka,7
72,2025-08-30 13:53:47.999 +0700,89,32.54,72.79,14.33,3.07,bad,tertutup,0
73,2025-08-30 13:53:55.371 +0700,98,38.96,71.96,2.48,4.13,bad,terbuka,0
74,2025-08-30 13:54:02.763 +0700,73,20.62,78.11,42.18,4.41,warning,tertutup,1
75,2025-08-30 13:54:10.156 +0700,69,30.91,45.9,63.2,4.77,warning,tertutup,3
76,2025-08-30 13:54:17.510 +0700,56,26.41,55.54,34.47,5.23,good,terbuka,6
77,2025-08-30 13:54:24.781 +0700,62,28.47,86.05,85.24,3.54,bad,tertutup,0
78,2025-08-30 13:54:32.165 +0700,69,22.5,74.03,61.25,8.03,warning,tertutup,3
79,2025-08-30 13:54:39.533 +0700,45,35.48,88.23,86.47,7.41,bad,tertutup,0
80,2025-08-30 13:54:46.958 +0700,45,34.12,92.03,19.19,8.14,bad,terbuka,0
81,2025-08-30 13:54:54.367 +0700,39,37.7,87.37,39.01,4.58,bad,terbuka,0
82,2025-08-30 13:55:01.759 +0700,97,22.85,53.65,47.84,4.33,warning,tertutup,2
83,2025-08-30 13:55:09.066 +0700,80,29.14,83.31,95.29,5.59,bad,tertutup,0
84,2025-08-30 13:55:16.443 +0700,52,32.7,57.18,37.05,4.85,warning,terbuka,3
85,2025-08-30 13:55:23.801 +0700,97,32.36,74.53,43.7,3.59,bad,terbuka,0
86,2025-08-30 13:55:31.194 +0700,99,39.79,40.52,12.62,8.63,bad,terbuka,0
87,2025-08-30 13:55:38.602 +0700,44,31.76,87.96,65.84,8.96,bad,terbuka,0
88,2025-08-30 13:55:45.953 +0700,84,33.42,56.31,89.01,8.38,bad,tertutup,0
89,2025-08-30 13:55:53.326 +0700,33,32.69,53.47,37.36,6.04,warning,tertutup,3
90,2025-08-30 13:56:00.629 +0700,58,28.88,93.19,12.3,3.15,bad,terbuka,0
91,2025-08-30 13:56:08.015 +0700,100,36.13,68.24,31.44,7.74,bad,terbuka,0
92,2025-08-30 13:56:15.445 +0700,57,35.57,57.98,69.54,6.77,bad,tertutup,0
93,2025-08-30 13:56:22.811 +0700,91,26.33,50.86,84.43,5.12,bad,tertutup,0
94,2025-08-30 13:56:30.183 +0700,68,33.94,62.03,61.49,3.14,bad,terbuka,0
95,2025-08-30 13:56:37.581 +0700,60,21.77,50.02,94.52,7.87,bad,tertutup,0
96,2025-08-30 13:56:44.958 +0700,36,36.7,50.45,87.22,4.26,bad,tertutup,0
97,2025-08-30 13:56:52.271 +0700,32,38.6,79.35,23.72,8.09,bad,tertutup,0
98,2025-08-30 13:56:59.619 +0700,75,25.13,64.66,16.23,8.8,bad,tertutup,0
99,2025-08-30 13:57:07.003 +0700,99,36.69,82.44,19.91,4.73,bad,terbuka,0
100,2025-08-30 13:57:14.411 +0700,64,29.83,85.01,24.46,6.38,warning,terbuka,1
101,2025-08-30 13:57:21.818 +0700,78,22.46,88.29,34.47,7.7,warning,terbuka,3
102,2025-08-30 13:57:29.154 +0700,87,30.55,61.57,28.9,3.73,bad,terbuka,0
103,2025-08-30 13:57:36.552 +0700,97,33.53,43.06,38.01,6.34,warning,tertutup,1
104,2025-08-30 13:57:43.879 +0700,41,27.26,62.42,66.79,5.07,warning,tertutup,2
105,2025-08-30 13:57:51.264 +0700,99,21.77,41.58,5.28,6.74,good,terbuka,6
106,2025-08-30 13:57:58.646 +0700,35,20.26,59.12,30.14,8.86,bad,terbuka,0
107,2025-08-30 13:58:06.029 +0700,82,34.71,72.08,23.14,8.03,warning,terbuka,3
108,2025-08-30 13:58:13.426 +0700,91,22.39,73.26,93.53,7.1,bad,terbuka,0
109,2025-08-30 13:58:20.854 +0700,64,35.84,76.31,46.12,8.87,bad,terbuka,0
110,2025-08-30 13:58:28.249 +0700,68,27.81,41.37,73.34,3.87,bad,terbuka,0
111,2025-08-30 13:58:35.643 +0700,74,34.16,59.71,6.91,3.76,bad,tertutup,0
112,2025-08-30 13:58:43.036 +0700,59,25.93,89.17,90.97,5.99,bad,terbuka,0
113,2025-08-30 13:58:50.425 +0700,32,34.95,80.69,59.78,5.14,warning,tertutup,3
114,2025-08-30 13:58:57.844 +0700,70,28.4,84.45,53.74,7.45,warning,terbuka,3
115,2025-08-30 13:59:05.241 +0700,41,25.66,45.82,47.31,5.01,good,terbuka,8
116,2025-08-30 13:59:12.635 +0700,60,33.4,84.03,3.09,6.6,warning,tertutup,3
117,2025-08-30 13:59:20.009 +0700,57,26.76,47.7,45.54,4.62,good,terbuka,9
118,2025-08-30 13:59:27.392 +0700,40,28.9,87.09,20.42,5.07,warning,terbuka,2
119,2025-08-30 13:59:34.750 +0700,68,39.14,94.97,46.03,4.12,bad,terbuka,0
120,2025-08-30 13:59:42.148 +0700,73,27.04,45.92,79.13,5.75,warning,terbuka,3
121,2025-08-30 13:59:49.544 +0700,38,24.53,48.71,91.27,4.13,bad,terbuka,0
122,2025-08-30 13:59:56.921 +0700,62,31.48,81.85,15.84,5.21,warning,terbuka,2
123,2025-08-30 14:00:04.289 +0700,59,32.26,43.8,79.33,5.91,warning,tertutup,3
124,2025-08-30 14:00:11.651 +0700,68,29.31,90.43,80.91,6.14,bad,tertutup,0
125,2025-08-30 14:00:19.011 +0700,30,30.09,83.49,13.3,7.38,warning,tertutup,1
126,2025-08-30 14:00:26.383 +0700,66,38.68,87.58,61.69,5.0,bad,tertutup,0
127,2025-08-30 14:00:33.784 +0700,70,23.05,54.59,55.24,5.59,warning,tertutup,1
128,2025-08-30 14:00:41.188 +0700,36,34.5,78.45,33.48,8.31,warning,terbuka,2
129,2025-08-30 14:00:48.601 +0700,33,31.48,94.78,21.74,3.78,bad,terbuka,0
130,2025-08-30 14:00:56.013 +0700,41,35.29,93.09,38.24,4.91,bad,tertutup,0
131,2025-08-30 14:01:03.411 +0700,67,32.75,75.13,35.42,6.17,warning,tertutup,1
132,2025-08-30 14:01:10.776 +0700,65,37.64,83.39,39.74,3.37,bad,tertutup,0
133,2025-08-30 14:01:18.145 +0700,48,28.85,61.1,7.7,8.36,warning,terbuka,1
134,2025-08-30 14:01:25.556 +0700,74,22.5,92.5,20.45,8.06,bad,terbuka,0
135,2025-08-30 14:01:32.971 +0700,66,30.01,46.91,67.78,8.78,bad,terbuka,0
136,2025-08-30 14:01:40.383 +0700,46,24.85,64.9,72.98,4.99,warning,tertutup,3
137,2025-08-30 14:01:47.772 +0700,80,31.91,81.97,92.13,8.68,bad,tertutup,0
138,2025-08-30 14:01:55.149 +0700,90,29.09,54.97,90.31,6.02,bad,tertutup,0
139,2025-08-30 14:02:02.565 +0700,88,36.77,85.77,35.31,3.78,bad,tertutup,0
140,2025-08-30 14:02:09.974 +0700,58,23.9,84.7,39.69,8.13,warning,terbuka,1
141,2025-08-30 14:02:17.364 +0700,89,39.25,48.21,22.65,4.19,bad,terbuka,0
142,2025-08-30 14:02:24.732 +0700,83,39.38,40.86,13.6,5.11,bad,terbuka,0
143,2025-08-30 14:02:32.105 +0700,51,28.87,45.15,3.89,6.28,good,terbuka,7
144,2025-08-30 14:02:39.522 +0700,62,24.3,68.4,54.44,5.99,warning,terbuka,3
145,2025-08-30 14:02:46.903 +0700,47,32.28,83.74,76.95,3.46,bad,tertutup,0
146,2025-08-30 14:02:54.280 +0700,45,28.14,88.47,33.6,4.15,warning,tertutup,1
147,2025-08-30 14:03:01.660 +0700,94,28.25,78.26,8.68,5.58,good,tertutup,7
148,2025-08-30 14:03:09.088 +0700,62,25.58,63.71,79.67,4.2,warning,terbuka,1
149,2025-08-30 14:03:16.483 +0700,76,23.03,75.34,78.18,6.91,warning,tertutup,3
150,2025-08-30 14:03:23.873 +0700,84,21.17,72.13,96.77,8.32,bad,tertutup,0
151,2025-08-30 14:03:31.220 +0700,51,39.65,73.76,2.06,8.43,bad,tertutup,0
152,2025-08-30 14:03:38.582 +0700,78,34.3,52.09,66.3,6.02,warning,tertutup,2
153,2025-08-30 14:03:45.981 +0700,87,26.36,88.59,57.4,8.35,warning,tertutup,1
154,2025-08-30 14:03:53.358 +0700,59,37.73,79.52,92.85,4.47,bad,terbuka,0
155,2025-08-30 14:04:00.742 +0700,54,38.63,42.07,86.77,3.24,bad,tertutup,0
156,2025-08-30 14:04:08.093 +0700,56,39.91,48.69,52.63,8.41,bad,terbuka,0
157,2025-08-30 14:04:15.473 +0700,97,31.72,63.44,12.0,3.73,bad,tertutup,0
158,2025-08-30 14:04:22.846 +0700,50,21.13,40.68,55.9,4.39,warning,terbuka,3
159,2025-08-30 14:04:30.247 +0700,44,28.93,57.57,75.17,7.88,warning,tertutup,1
160,2025-08-30 14:04:37.624 +0700,100,20.38,87.61,1.17,4.6,warning,terbuka,2
161,2025-08-30 14:04:45.022 +0700,53,23.59,64.19,96.6,7.82,bad,tertutup,0
162,2025-08-30 14:04:52.413 +0700,61,39.53,44.23,83.1,3.54,bad,terbuka,0
163,2025-08-30 14:04:59.807 +0700,52,30.07,88.22,9.11,4.56,warning,terbuka,2
164,2025-08-30 14:05:07.199 +0700,33,33.51,72.2,0.64,4.35,warning,terbuka,1
165,2025-08-30 14:05:14.574 +0700,38,20.6,47.07,77.65,3.48,bad,tertutup,0
166,2025-08-30 14:05:21.952 +0700,45,36.99,75.95,28.91,7.05,bad,terbuka,0
167,2025-08-30 14:05:29.359 +0700,99,37.33,83.08,40.89,3.06,bad,terbuka,0
168,2025-08-30 14:05:36.784 +0700,59,29.66,74.41,82.67,8.74,bad,terbuka,0
169,2025-08-30 14:05:44.188 +0700,98,22.19,54.46,41.6,6.38,good,tertutup,9
170,2025-08-30 14:05:51.561 +0700,33,23.5,75.63,61.82,4.82,warning,tertutup,1
171,2025-08-30 14:05:58.924 +0700,77,25.19,58.0,41.13,8.86,bad,terbuka,0
172,2025-08-30 14:06:06.320 +0700,55,34.45,71.77,95.39,6.37,bad,terbuka,0
173,2025-08-30 14:06:13.704 +0700,60,32.2,92.2,90.62,4.96,bad,terbuka,0
174,2025-08-30 14:06:21.104 +0700,68,28.96,47.5,44.97,5.82,good,terbuka,7
175,2025-08-30 14:06:28.502 +0700,77,36.53,88.83,17.17,5.48,bad,tertutup,0
176,2025-08-30 14:06:35.884 +0700,100,33.34,68.6,55.65,6.07,warning,tertutup,2
177,2025-08-30 14:06:43.267 +0700,46,33.32,75.32,67.85,6.64,warning,terbuka,3
178,2025-08-30 14:06:50.658 +0700,43,35.74,56.46,48.38,7.23,bad,tertutup,0
179,2025-08-30 14:06:58.137 +0700,73,33.25,54.66,42.25,6.4,warning,tertutup,1
180,2025-08-30 14:07:05.523 +0700,66,40.0,57.12,92.41,7.7,bad,tertutup,0
181,2025-08-30 14:07:12.933 +0700,43,29.43,46.36,35.8,8.46,warning,terbuka,1
182,2025-08-30 14:07:20.344 +0700,98,26.8,76.49,88.82,5.44,bad,terbuka,0
183,2025-08-30 14:07:27.734 +0700,88,25.53,47.91,43.27,5.93,good,terbuka,10
184,2025-08-30 14:07:35.128 +0700,92,38.4,62.32,58.26,3.18,bad,terbuka,0
185,2025-08-30 14:07:42.518 +0700,33,30.07,82.88,5.15,4.7,warning,terbuka,2
186,2025-08-30 14:07:49.874 +0700,43,24.22,70.1,0.62,6.47,good,tertutup,7
187,2025-08-30 14:07:57.270 +0700,32,39.55,52.17,61.71,8.79,bad,tertutup,0
188,2025-08-30 14:08:04.662 +0700,54,38.35,44.76,10.82,6.47,bad,terbuka,0
189,2025-08-30 14:08:12.045 +0700,45,39.57,78.48,30.85,5.94,bad,tertutup,0
190,2025-08-30 14:08:19.426 +0700,56,36.24,63.35,22.57,4.95,bad,tertutup,0
191,2025-08-30 14:08:26.804 +0700,75,23.54,67.23,42.1,3.92,bad,tertutup,0
192,2025-08-30 14:08:34.090 +0700,50,23.93,68.49,18.81,4.41,warning,terbuka,1
193,2025-08-30 14:08:41.506 +0700,71,24.24,64.89,59.42,8.49,warning,terbuka,2
194,2025-08-30 14:08:48.881 +0700,56,36.24,72.79,99.8,8.51,bad,terbuka,0
195,2025-08-30 14:08:56.268 +0700,41,20.61,88.41,71.56,8.93,bad,terbuka,0
196,2025-08-30 14:09:03.629 +0700,38,24.62,88.76,22.86,6.71,warning,tertutup,2
197,2025-08-30 14:09:11.011 +0700,78,33.22,53.23,34.66,3.37,bad,tertutup,0
198,2025-08-30 14:09:18.388 +0700,57,24.75,42.38,29.77,8.09,warning,terbuka,3
199,2025-08-30 14:09:25.785 +0700,70,37.0,69.65,22.24,5.79,bad,terbuka,0
200,2025-08-30 14:09:33.241 +0700,57,25.78,63.37,69.11,3.46,bad,terbuka,0
201,2025-08-30 14:09:40.664 +0700,86,30.92,92.16,42.32,4.3,bad,terbuka,0
202,2025-08-30 14:09:48.088 +0700,56,28.01,70.43,23.46,3.85,bad,terbuka,0
203,2025-08-30 14:09:55.478 +0700,86,38.56,62.41,42.68,7.09,bad,terbuka,0
204,2025-08-30 14:10:02.821 +0700,87,20.71,51.89,81.66,3.27,bad,tertutup,0
205,2025-08-30 14:10:10.211 +0700,48,29.55,79.13,15.06,5.21,good,tertutup,9
206,2025-08-30 14:10:17.612 +0700,58,35.55,82.15,19.2,5.74,bad,terbuka,0
207,2025-08-30 14:10:24.994 +0700,91,28.04,75.7,55.7,3.18,bad,tertutup,0
208,2025-08-30 14:10:32.681 +0700,82,36.22,82.3,12.43,6.1,bad,terbuka,0
209,2025-08-30 14:10:40.071 +0700,45,28.07,51.75,58.42,7.58,warning,terbuka,2
210,2025-08-30 14:10:47.467 +0700,77,37.7,45.87,32.32,6.6,bad,terbuka,0
211,2025-08-30 14:10:54.851 +0700,83,37.61,79.88,87.54,5.16,bad,tertutup,0
212,2025-08-30 14:11:02.239 +0700,65,32.75,56.95,24.93,7.5,warning,tertutup,3
213,2025-08-30 14:11:09.592 +0700,97,23.02,75.85,30.04,8.21,warning,tertutup,1
214,2025-08-30 14:11:16.923 +0700,63,35.81,56.89,23.39,7.89,bad,terbuka,0
215,2025-08-30 14:11:24.296 +0700,75,28.04,61.89,69.81,4.75,warning,terbuka,2
216,2025-08-30 14:11:31.678 +0700,70,27.35,53.87,71.31,3.12,bad,terbuka,0
217,2025-08-30 14:11:39.083 +0700,97,32.47,48.23,25.62,8.15,warning,terbuka,1
218,2025-08-30 14:11:46.460 +0700,61,39.62,59.65,27.36,7.35,bad,terbuka,0
219,2025-08-30 14:11:53.855 +0700,70,36.62,80.18,7.95,4.27,bad,tertutup,0
220,2025-08-30 14:12:01.232 +0700,100,31.32,51.97,32.83,7.83,warning,terbuka,3
221,2025-08-30 14:12:08.617 +0700,64,23.44,67.9,5.94,6.04,good,tertutup,8
222,2025-08-30 14:12:16.000 +0700,76,25.69,58.02,55.28,6.72,warning,terbuka,1
223,2025-08-30 14:12:23.364 +0700,89,35.23,86.2,74.31,4.71,bad,terbuka,0
224,2025-08-30 14:12:30.739 +0700,63,28.44,60.19,67.04,7.79,warning,tertutup,1
225,2025-08-30 14:12:38.152 +0700,91,31.19,63.36,83.48,6.52,bad,terbuka,0
226,2025-08-30 14:12:45.657 +0700,77,30.32,63.53,65.62,5.63,warning,terbuka,3
227,2025-08-30 14:12:53.028 +0700,100,39.11,55.8,93.21,3.53,bad,tertutup,0
228,2025-08-30 14:13:00.415 +0700,90,35.72,67.01,81.88,6.69,bad,terbuka,0
229,2025-08-30 14:13:07.815 +0700,58,24.38,71.66,85.91,8.79,bad,terbuka,0
230,2025-08-30 14:13:15.211 +0700,38,20.86,89.2,96.0,4.73,bad,tertutup,0
231,2025-08-30 14:13:22.608 +0700,72,27.72,44.97,4.38,4.4,warning,tertutup,1
232,2025-08-30 14:13:29.997 +0700,56,34.09,42.5,97.06,7.01,bad,tertutup,0
233,2025-08-30 14:13:37.400 +0700,90,29.13,57.18,14.76,4.88,good,tertutup,10
234,2025-08-30 14:13:44.801 +0700,55,38.29,48.61,68.76,6.03,bad,terbuka,0
235,2025-08-30 14:13:52.199 +0700,88,23.51,84.92,27.88,5.36,good,terbuka,10
236,2025-08-30 14:13:59.603 +0700,69,38.78,73.59,85.63,4.85,bad,terbuka,0
237,2025-08-30 14:14:06.986 +0700,57,31.66,76.76,16.32,4.66,warning,tertutup,2
238,2025-08-30 14:14:14.374 +0700,66,23.74,48.63,93.26,8.96,bad,terbuka,0
239,2025-08-30 14:14:21.791 +0700,31,26.4,78.39,1.87,8.67,bad,terbuka,0
240,2025-08-30 14:14:29.182 +0700,100,29.52,66.8,16.08,3.06,bad,tertutup,0
241,2025-08-30 14:14:36.560 +0700,93,27.94,71.94,2.95,8.25,warning,tertutup,1
242,2025-08-30 14:14:43.948 +0700,83,20.7,64.87,93.29,6.85,bad,tertutup,0
243,2025-08-30 14:14:51.333 +0700,99,27.45,85.67,99.7,5.24,bad,terbuka,0
244,2025-08-30 14:14:58.755 +0700,39,20.41,71.28,96.53,5.94,bad,tertutup,0
245,2025-08-30 14:15:06.096 +0700,94,26.98,92.4,53.85,7.06,bad,tertutup,0
246,2025-08-30 14:15:13.399 +0700,82,23.54,45.55,21.79,8.59,bad,tertutup,0
247,2025-08-30 14:15:20.734 +0700,98,39.43,55.53,96.74,7.86,bad,tertutup,0
248,2025-08-30 14:15:28.084 +0700,90,32.11,81.57,73.68,7.83,warning,tertutup,3
249,2025-08-30 14:15:35.481 +0700,96,26.79,88.88,16.47,4.83,warning,tertutup,1
250,2025-08-30 14:15:42.866 +0700,97,30.24,57.58,2.02,7.57,warning,tertutup,3
251,2025-08-30 14:15:50.138 +0700,74,28.42,62.5,77.76,5.92,warning,tertutup,2
252,2025-08-30 14:15:57.431 +0700,35,21.23,48.73,8.78,3.02,bad,tertutup,0
253,2025-08-30 14:16:04.746 +0700,48,31.81,87.03,32.23,4.16,warning,terbuka,2
254,2025-08-30 14:16:12.115 +0700,43,24.03,78.81,12.21,5.4,good,tertutup,5
255,2025-08-30 14:16:19.501 +0700,36,38.57,94.87,1.38,6.75,bad,terbuka,0
256,2025-08-30 14:16:26.878 +0700,98,38.13,56.82,85.17,4.87,bad,tertutup,0
257,2025-08-30 14:16:34.264 +0700,89,37.77,89.01,76.84,8.53,bad,terbuka,0
258,2025-08-30 14:16:41.513 +0700,61,32.33,54.96,88.77,8.45,bad,tertutup,0
259,2025-08-30 14:16:48.895 +0700,92,30.29,89.49,51.86,4.19,warning,terbuka,1
260,2025-08-30 14:16:56.245 +0700,89,27.18,53.73,94.07,7.47,bad,terbuka,0
261,2025-08-30 14:17:03.623 +0700,74,34.04,68.37,97.96,5.44,bad,terbuka,0
262,2025-08-30 14:17:11.014 +0700,96,26.16,87.33,11.54,7.42,warning,terbuka,1
263,2025-08-30 14:17:18.388 +0700,86,26.26,54.49,95.09,8.86,bad,terbuka,0
264,2025-08-30 14:17:25.812 +0700,42,20.77,58.37,31.48,8.07,warning,tertutup,1
265,2025-08-30 14:17:33.164 +0700,53,31.43,41.74,55.24,3.35,bad,terbuka,0
266,2025-08-30 14:17:40.570 +0700,58,22.5,67.79,55.63,8.0,warning,tertutup,3
267,2025-08-30 14:17:47.867 +0700,95,29.44,64.25,40.77,4.22,warning,terbuka,3
268,2025-08-30 14:17:55.293 +0700,78,34.92,66.44,53.65,7.52,warning,tertutup,1
269,2025-08-30 14:18:02.580 +0700,31,32.63,93.96,89.37,4.43,bad,tertutup,0
270,2025-08-30 14:18:09.915 +0700,82,29.82,53.85,41.14,3.65,bad,terbuka,0
271,2025-08-30 14:18:17.237 +0700,99,37.67,80.04,60.16,6.78,bad,terbuka,0
272,2025-08-30 14:18:24.636 +0700,76,29.27,55.61,3.06,5.78,good,terbuka,5
273,2025-08-30 14:18:32.021 +0700,90,35.05,59.34,34.31,4.39,bad,terbuka,0
274,2025-08-30 14:18:39.395 +0700,71,28.99,63.07,4.41,3.53,bad,tertutup,0
275,2025-08-30 14:18:46.763 +0700,83,37.86,40.68,78.45,5.54,bad,terbuka,0
276,2025-08-30 14:18:54.053 +0700,51,30.8,69.7,75.6,4.86,warning,terbuka,3
277,2025-08-30 14:19:01.362 +0700,42,28.29,94.65,44.91,7.51,bad,tertutup,0
278,2025-08-30 14:19:08.762 +0700,98,36.65,72.3,72.54,7.18,bad,terbuka,0
279,2025-08-30 14:19:16.119 +0700,87,24.47,67.65,58.17,7.89,warning,terbuka,3
280,2025-08-30 14:19:23.504 +0700,82,30.13,55.63,54.25,8.15,warning,terbuka,1
281,2025-08-30 14:19:30.773 +0700,63,31.38,44.59,98.85,8.55,bad,terbuka,0
282,2025-08-30 14:19:38.263 +0700,90,32.88,79.04,15.78,8.71,bad,terbuka,0
283,2025-08-30 14:19:45.580 +0700,43,22.33,50.01,73.99,7.31,warning,tertutup,1
284,2025-08-30 14:19:52.862 +0700,30,34.1,51.53,24.97,8.65,bad,terbuka,0
285,2025-08-30 14:20:00.146 +0700,94,23.34,94.48,2.34,8.56,bad,tertutup,0
286,2025-08-30 14:20:07.432 +0700,73,36.59,85.52,89.97,4.65,bad,terbuka,0
287,2025-08-30 14:20:14.719 +0700,85,32.35,48.21,12.67,8.18,warning,terbuka,2
288,2025-08-30 14:20:22.040 +0700,82,20.72,80.28,54.83,8.73,bad,terbuka,0
289,2025-08-30 14:20:29.345 +0700,54,32.88,52.02,8.52,4.47,warning,tertutup,1
290,2025-08-30 14:20:36.655 +0700,30,22.98,65.54,82.31,6.22,bad,terbuka,0
291,2025-08-30 14:20:44.003 +0700,35,20.67,93.99,66.01,6.49,bad,tertutup,0
292,2025-08-30 14:20:51.360 +0700,43,25.38,73.93,85.82,6.07,bad,terbuka,0
293,2025-08-30 14:20:58.781 +0700,64,38.2,75.41,63.02,8.22,bad,tertutup,0
294,2025-08-30 14:21:06.078 +0700,91,23.65,67.58,44.53,6.13,good,terbuka,5
295,2025-08-30 14:21:13.411 +0700,88,27.75,83.95,54.18,8.81,bad,tertutup,0
296,2025-08-30 14:21:20.772 +0700,83,34.44,69.21,97.84,4.41,bad,tertutup,0
297,2025-08-30 14:21:28.109 +0700,53,35.46,76.25,89.2,7.94,bad,terbuka,0
298,2025-08-30 14:21:35.453 +0700,90,20.15,45.25,32.83,3.58,bad,tertutup,0
299,2025-08-30 14:21:42.762 +0700,85,39.97,58.23,22.92,3.11,bad,terbuka,0
300,2025-08-30 14:21:50.048 +0700,56,37.66,84.43,49.8,6.29,bad,terbuka,0
301,2025-08-30 14:21:57.414 +0700,49,38.02,68.09,5.56,5.62,bad,terbuka,0
302,2025-08-30 14:22:04.770 +0700,74,32.56,94.6,30.69,8.5,bad,tertutup,0
303,2025-08-30 14:22:12.114 +0700,53,32.22,73.83,3.64,5.15,warning,tertutup,2
304,2025-08-30 14:22:19.458 +0700,58,27.66,93.94,31.79,4.96,bad,tertutup,0
305,2025-08-30 14:22:26.852 +0700,41,26.84,63.13,52.27,8.53,bad,terbuka,0
306,2025-08-30 14:22:34.249 +0700,37,37.88,62.6,1.99,4.86,bad,tertutup,0
307,2025-08-30 14:22:41.614 +0700,81,31.4,80.53,20.11,4.63,warning,terbuka,3
308,2025-08-30 14:22:48.966 +0700,87,20.9,59.38,98.32,8.71,bad,tertutup,0
309,2025-08-30 14:22:56.292 +0700,85,24.59,78.9,76.74,4.95,warning,terbuka,1
310,2025-08-30 14:23:03.636 +0700,95,25.68,51.05,30.86,3.96,bad,terbuka,0
311,2025-08-30 14:23:11.016 +0700,97,22.55,93.4,68.24,8.15,bad,tertutup,0
312,2025-08-30 14:23:18.406 +0700,65,31.62,60.6,81.62,7.47,bad,tertutup,0
313,2025-08-30 14:23:25.817 +0700,34,23.61,82.4,9.02,8.29,warning,terbuka,2
314,2025-08-30 14:23:33.163 +0700,65,23.4,42.15,71.59,3.98,bad,terbuka,0
315,2025-08-30 14:23:40.530 +0700,41,20.74,58.26,13.15,5.02,good,tertutup,5
316,2025-08-30 14:23:47.881 +0700,30,29.52,77.35,93.15,7.76,bad,tertutup,0
317,2025-08-30 14:23:55.267 +0700,94,21.37,45.72,29.56,4.12,warning,tertutup,3
318,2025-08-30 14:24:02.666 +0700,85,20.19,40.47,15.51,3.59,bad,terbuka,0
319,2025-08-30 14:24:10.038 +0700,84,33.22,78.07,17.74,6.76,warning,tertutup,2
320,2025-08-30 14:24:17.434 +0700,48,37.25,62.45,37.26,7.98,bad,tertutup,0
321,2025-08-30 14:24:24.823 +0700,72,39.3,84.47,4.98,7.86,bad,terbuka,0
322,2025-08-30 14:24:32.213 +0700,87,31.15,64.79,71.32,6.96,warning,tertutup,3
323,2025-08-30 14:24:39.594 +0700,90,36.02,79.72,49.9,8.6,bad,tertutup,0
324,2025-08-30 14:24:46.974 +0700,37,36.67,40.32,9.58,7.12,bad,terbuka,0
325,2025-08-30 14:24:54.389 +0700,91,21.32,42.4,87.22,5.82,bad,tertutup,0
326,2025-08-30 14:25:01.853 +0700,65,21.68,43.22,69.74,4.62,warning,tertutup,3
327,2025-08-30 14:25:09.254 +0700,38,34.46,75.66,41.01,8.66,bad,tertutup,0
328,2025-08-30 14:25:16.654 +0700,90,36.52,88.84,89.16,8.6,bad,terbuka,0
329,2025-08-30 14:25:24.052 +0700,96,39.81,52.37,93.84,5.98,bad,terbuka,0
330,2025-08-30 14:25:31.468 +0700,53,36.39,50.04,53.49,4.23,bad,tertutup,0
331,2025-08-30 14:25:38.848 +0700,38,33.71,46.79,90.51,4.44,bad,tertutup,0
332,2025-08-30 14:25:46.253 +0700,41,30.16,80.62,51.85,5.47,warning,tertutup,2
333,2025-08-30 14:25:53.650 +0700,32,24.76,56.12,99.69,4.3,bad,terbuka,0
334,2025-08-30 14:26:01.026 +0700,57,29.0,49.85,14.6,7.34,good,tertutup,6
335,2025-08-30 14:26:08.430 +0700,34,30.45,93.19,70.46,4.64,bad,terbuka,0
336,2025-08-30 14:26:15.851 +0700,54,31.9,85.47,58.03,6.11,warning,terbuka,3
337,2025-08-30 14:26:23.239 +0700,30,30.85,48.02,45.09,5.36,warning,tertutup,2
338,2025-08-30 14:26:30.621 +0700,95,20.74,94.45,2.65,5.5,bad,tertutup,0
339,2025-08-30 14:26:38.028 +0700,50,25.49,85.76,36.35,3.21,bad,tertutup,0
340,2025-08-30 14:26:45.437 +0700,93,23.1,52.59,95.07,3.32,bad,tertutup,0
341,2025-08-30 14:26:52.855 +0700,85,33.54,76.74,41.09,4.49,warning,tertutup,1
342,2025-08-30 14:27:00.265 +0700,55,21.73,46.03,3.15,6.39,good,tertutup,5
343,2025-08-30 14:27:07.593 +0700,49,30.73,79.4,32.69,6.54,warning,terbuka,1
344,2025-08-30 14:27:14.981 +0700,34,27.57,49.64,58.5,3.61,bad,tertutup,0
345,2025-08-30 14:27:22.351 +0700,78,21.16,57.16,69.57,6.69,warning,terbuka,2
346,2025-08-30 14:27:29.746 +0700,36,30.66,76.75,20.87,4.96,warning,terbuka,2
347,2025-08-30 14:27:37.071 +0700,58,21.94,76.96,52.39,7.94,warning,tertutup,3
348,2025-08-30 14:27:44.446 +0700,95,30.81,79.97,46.4,7.18,warning,tertutup,1
349,2025-08-30 14:27:51.831 +0700,33,27.26,70.49,16.85,7.26,good,terbuka,10
350,2025-08-30 14:27:59.192 +0700,98,23.44,47.4,70.93,6.93,warning,terbuka,2
351,2025-08-30 14:28:06.562 +0700,85,27.39,41.5,68.24,7.82,warning,terbuka,3
352,2025-08-30 14:28:13.980 +0700,96,29.44,69.0,82.3,4.55,bad,terbuka,0
353,2025-08-30 14:28:21.381 +0700,49,32.83,56.65,80.67,3.12,bad,tertutup,0
354,2025-08-30 14:28:28.777 +0700,37,23.02,46.32,56.71,5.88,warning,terbuka,1
355,2025-08-30 14:28:36.168 +0700,94,39.16,85.11,52.69,3.23,bad,terbuka,0
356,2025-08-30 14:28:43.556 +0700,34,31.73,54.16,78.33,8.45,warning,tertutup,3
357,2025-08-30 14:28:50.943 +0700,99,38.31,53.29,17.51,5.58,bad,terbuka,0
358,2025-08-30 14:28:58.309 +0700,100,34.73,65.34,98.2,4.2,bad,terbuka,0
359,2025-08-30 14:29:05.716 +0700,83,28.81,85.85,73.17,6.51,warning,tertutup,1
360,2025-08-30 14:29:13.085 +0700,76,33.79,63.33,43.7,7.86,warning,terbuka,2
361,2025-08-30 14:29:20.492 +0700,88,25.97,69.62,69.21,8.43,warning,terbuka,3
362,2025-08-30 14:29:27.881 +0700,96,34.71,67.24,69.66,7.34,warning,tertutup,3
363,2025-08-30 14:29:35.250 +0700,47,25.53,56.14,30.21,5.2,good,tertutup,7
364,2025-08-30 14:29:42.619 +0700,87,21.75,72.85,24.86,4.67,good,terbuka,6
365,2025-08-30 14:29:50.015 +0700,54,24.76,93.72,70.0,6.0,bad,tertutup,0
366,2025-08-30 14:29:57.427 +0700,96,39.51,79.28,84.5,8.5,bad,tertutup,0
367,2025-08-30 14:30:04.832 +0700,33,32.66,53.57,28.79,5.23,warning,terbuka,3
368,2025-08-30 14:30:12.211 +0700,41,31.61,69.5,43.56,3.37,bad,terbuka,0
369,2025-08-30 14:30:19.601 +0700,60,36.67,85.6,42.03,4.87,bad,tertutup,0
370,2025-08-30 14:30:26.993 +0700,61,39.26,77.85,13.75,3.69,bad,tertutup,0
371,2025-08-30 14:30:34.374 +0700,86,35.35,70.97,39.1,6.73,bad,terbuka,0
372,2025-08-30 14:30:41.780 +0700,37,39.18,68.44,91.02,5.32,bad,terbuka,0
373,2025-08-30 14:30:49.175 +0700,65,38.52,69.31,8.24,8.59,bad,tertutup,0
374,2025-08-30 14:30:56.572 +0700,70,29.38,66.12,88.18,6.27,bad,terbuka,0
375,2025-08-30 14:31:03.975 +0700,84,21.0,84.54,34.76,4.6,good,terbuka,5
376,2025-08-30 14:31:11.367 +0700,35,25.74,47.78,44.46,7.17,good,terbuka,5
377,2025-08-30 14:31:18.754 +0700,82,35.42,45.09,27.44,4.74,bad,terbuka,0
378,2025-08-30 14:31:26.116 +0700,80,20.68,86.78,84.84,5.36,bad,tertutup,0
379,2025-08-30 14:31:33.518 +0700,35,29.02,58.87,74.35,4.67,warning,terbuka,1
380,2025-08-30 14:31:40.916 +0700,67,24.51,47.16,25.03,5.9,good,terbuka,10
381,2025-08-30 14:31:48.307 +0700,78,29.72,84.34,80.88,5.83,bad,terbuka,0
382,2025-08-30 14:31:55.692 +0700,98,21.24,71.71,35.81,6.05,good,terbuka,10
383,2025-08-30 14:32:03.070 +0700,37,30.36,52.53,27.54,3.23,bad,terbuka,0
384,2025-08-30 14:32:10.466 +0700,70,36.76,80.28,53.52,6.12,bad,tertutup,0
385,2025-08-30 14:32:17.885 +0700,92,28.32,81.47,22.76,6.1,good,tertutup,5
386,2025-08-30 14:32:25.284 +0700,51,32.45,69.76,12.33,8.3,warning,tertutup,1
387,2025-08-30 14:32:32.808 +0700,30,32.63,47.36,0.79,6.04,warning,terbuka,3
388,2025-08-30 14:32:40.148 +0700,58,30.97,72.61,86.21,3.12,bad,terbuka,0
389,2025-08-30 14:32:47.390 +0700,68,24.49,44.86,95.7,4.88,bad,tertutup,0
390,2025-08-30 14:32:54.749 +0700,83,23.78,75.49,7.07,6.71,good,tertutup,10
391,2025-08-30 14:33:02.143 +0700,67,34.31,75.23,89.07,6.07,bad,terbuka,0
392,2025-08-30 14:33:09.531 +0700,53,38.66,70.31,3.14,8.76,bad,tertutup,0
393,2025-08-30 14:33:16.913 +0700,97,33.21,69.08,15.12,4.62,warning,tertutup,3
394,2025-08-30 14:33:24.310 +0700,96,30.07,60.72,42.98,7.82,warning,terbuka,1
395,2025-08-30 14:33:31.708 +0700,60,24.98,84.65,14.31,3.67,bad,terbuka,0
396,2025-08-30 14:33:39.037 +0700,86,26.26,91.71,23.1,7.26,bad,tertutup,0
397,2025-08-30 14:33:46.429 +0700,67,30.93,88.84,78.6,3.65,bad,terbuka,0
398,2025-08-30 14:33:53.841 +0700,92,37.74,44.66,59.31,5.69,bad,terbuka,0
399,2025-08-30 14:34:01.224 +0700,46,20.32,68.42,79.41,3.86,bad,terbuka,0
400,2025-08-30 14:34:08.577 +0700,76,21.51,72.21,75.14,6.03,warning,terbuka,2
401,2025-08-30 14:34:15.993 +0700,69,25.16,55.71,60.69,4.77,warning,tertutup,1
402,2025-08-30 14:34:23.383 +0700,42,36.23,65.94,21.87,3.95,bad,tertutup,0
403,2025-08-30 14:34:30.795 +0700,36,20.07,42.48,18.04,8.46,warning,terbuka,2
404,2025-08-30 14:34:38.218 +0700,45,22.01,60.41,8.53,5.09,good,tertutup,7
405,2025-08-30 14:34:45.602 +0700,63,32.85,54.7,58.29,6.74,warning,terbuka,3
406,2025-08-30 14:34:52.993 +0700,87,26.83,62.99,30.54,3.87,bad,tertutup,0
407,2025-08-30 14:35:00.359 +0700,46,36.74,54.11,33.15,3.61,bad,tertutup,0
408,2025-08-30 14:35:07.783 +0700,71,37.09,40.34,85.4,6.78,bad,terbuka,0
409,2025-08-30 14:35:15.175 +0700,92,26.3,61.23,47.05,7.17,good,terbuka,5
410,2025-08-30 14:35:22.556 +0700,91,33.24,78.91,5.69,3.48,bad,tertutup,0
411,2025-08-30 14:35:29.943 +0700,71,35.94,68.25,54.76,6.91,bad,tertutup,0
412,2025-08-30 14:35:37.369 +0700,88,25.4,87.38,10.96,6.0,warning,terbuka,2
413,2025-08-30 14:35:44.753 +0700,58,30.44,77.37,41.02,8.17,warning,terbuka,1
414,2025-08-30 14:35:52.151 +0700,88,35.27,41.93,78.16,3.35,bad,tertutup,0
415,2025-08-30 14:35:59.509 +0700,39,35.52,47.34,55.47,7.45,bad,terbuka,0
416,2025-08-30 14:36:06.896 +0700,62,29.83,42.66,83.25,3.22,bad,tertutup,0
417,2025-08-30 14:36:14.276 +0700,62,22.65,66.43,80.58,5.47,bad,tertutup,0
418,2025-08-30 14:36:21.664 +0700,36,34.64,50.46,56.52,8.94,bad,tertutup,0
419,2025-08-30 14:36:29.039 +0700,56,24.74,84.29,32.0,4.07,warning,terbuka,1
420,2025-08-30 14:36:36.385 +0700,54,22.02,93.88,23.67,7.55,bad,tertutup,0
421,2025-08-30 14:36:43.784 +0700,96,37.58,65.59,79.42,8.39,bad,tertutup,0
422,2025-08-30 14:36:51.195 +0700,34,39.54,64.49,81.67,4.03,bad,terbuka,0
423,2025-08-30 14:36:58.593 +0700,39,21.59,82.27,1.52,6.61,good,terbuka,8
424,2025-08-30 14:37:05.997 +0700,63,22.33,48.51,44.06,6.69,good,tertutup,7
425,2025-08-30 14:37:13.372 +0700,41,27.3,90.52,98.54,6.98,bad,tertutup,0
426,2025-08-30 14:37:20.747 +0700,80,30.24,53.9,41.34,6.35,warning,terbuka,1
427,2025-08-30 14:37:28.165 +0700,78,29.98,74.93,74.84,8.84,bad,terbuka,0
428,2025-08-30 14:37:35.576 +0700,61,32.84,54.43,71.6,7.98,warning,terbuka,2
429,2025-08-30 14:37:42.996 +0700,45,35.36,53.41,34.03,4.33,bad,terbuka,0
430,2025-08-30 14:37:50.389 +0700,58,31.87,88.74,12.65,8.56,bad,tertutup,0
431,2025-08-30 14:37:57.745 +0700,56,20.03,61.69,31.75,7.05,good,terbuka,9
432,2025-08-30 14:38:05.151 +0700,99,29.59,94.63,40.63,8.91,bad,tertutup,0
433,2025-08-30 14:38:12.549 +0700,84,37.59,90.38,9.99,8.21,bad,terbuka,0
434,2025-08-30 14:38:19.955 +0700,65,36.94,47.5,60.88,7.25,bad,terbuka,0
435,2025-08-30 14:38:27.379 +0700,77,32.55,57.46,47.83,8.29,warning,tertutup,1
436,2025-08-30 14:38:34.781 +0700,64,33.26,73.18,15.66,7.15,warning,terbuka,1
437,2025-08-30 14:38:42.141 +0700,98,26.84,70.96,79.02,6.9,warning,terbuka,3
438,2025-08-30 14:38:49.469 +0700,64,30.55,73.31,9.93,7.09,warning,terbuka,1
439,2025-08-30 14:38:56.848 +0700,36,31.57,56.19,81.6,5.85,bad,tertutup,0
440,2025-08-30 14:39:04.227 +0700,62,27.96,93.15,29.46,5.3,bad,tertutup,0
441,2025-08-30 14:39:11.609 +0700,70,20.45,85.1,2.43,3.21,bad,tertutup,0
442,2025-08-30 14:39:19.004 +0700,43,37.51,77.63,59.57,7.16,bad,tertutup,0
443,2025-08-30 14:39:26.375 +0700,54,38.48,81.18,15.52,7.64,bad,terbuka,0
444,2025-08-30 14:39:33.753 +0700,84,27.26,76.06,84.86,5.78,bad,tertutup,0
445,2025-08-30 14:39:41.113 +0700,35,37.4,90.9,34.13,6.46,bad,tertutup,0
446,2025-08-30 14:39:48.506 +0700,78,35.96,80.22,8.53,7.51,bad,tertutup,0
447,2025-08-30 14:39:55.886 +0700,38,27.03,70.37,12.92,5.25,good,terbuka,5
448,2025-08-30 14:40:03.297 +0700,49,37.97,70.77,76.07,5.21,bad,tertutup,0
449,2025-08-30 14:40:10.675 +0700,55,34.72,52.44,34.88,6.88,warning,tertutup,2
450,2025-08-30 14:40:18.064 +0700,98,31.81,85.32,17.88,4.88,warning,terbuka,1
451,2025-08-30 14:40:25.430 +0700,72,36.86,66.46,18.48,4.88,bad,tertutup,0
452,2025-08-30 14:40:32.814 +0700,81,27.62,45.92,14.36,5.35,good,tertutup,6
453,2025-08-30 14:40:40.170 +0700,36,34.45,55.05,18.73,6.43,warning,terbuka,1
454,2025-08-30 14:40:47.547 +0700,32,31.57,44.56,46.13,8.03,warning,terbuka,3
455,2025-08-30 14:40:54.932 +0700,32,33.0,60.09,82.27,5.82,bad,terbuka,0
456,2025-08-30 14:41:02.317 +0700,71,26.67,79.61,11.83,3.12,bad,terbuka,0
457,2025-08-30 14:41:09.682 +0700,42,32.1,40.35,65.64,4.67,warning,tertutup,3
458,2025-08-30 14:41:17.041 +0700,69,37.16,76.32,77.68,3.6,bad,terbuka,0
459,2025-08-30 14:41:24.414 +0700,36,28.42,54.91,13.48,4.34,warning,tertutup,1
460,2025-08-30 14:41:31.805 +0700,61,24.27,69.32,51.3,3.5,bad,tertutup,0
461,2025-08-30 14:41:39.166 +0700,97,34.64,87.65,38.54,5.62,warning,tertutup,3
462,2025-08-30 14:41:46.557 +0700,32,23.73,72.38,48.5,4.97,good,terbuka,8
463,2025-08-30 14:41:53.960 +0700,31,24.11,48.41,49.1,7.61,good,tertutup,10
464,2025-08-30 14:42:01.372 +0700,64,37.38,42.68,94.26,4.85,bad,tertutup,0
465,2025-08-30 14:42:08.771 +0700,96,26.71,54.53,61.28,6.17,warning,tertutup,1
466,2025-08-30 14:42:16.140 +0700,55,34.29,91.9,45.24,5.69,bad,tertutup,0
467,2025-08-30 14:42:23.553 +0700,78,23.01,92.63,23.86,7.68,bad,tertutup,0
468,2025-08-30 14:42:30.956 +0700,81,33.01,44.04,81.36,6.58,bad,tertutup,0
469,2025-08-30 14:42:38.312 +0700,100,34.35,86.25,59.24,3.27,bad,tertutup,0
470,2025-08-30 14:42:45.718 +0700,37,38.21,63.93,26.6,4.62,bad,terbuka,0
471,2025-08-30 14:42:53.114 +0700,55,35.97,89.75,36.63,3.84,bad,terbuka,0
472,2025-08-30 14:43:00.513 +0700,96,29.35,63.65,73.42,7.87,warning,terbuka,3
473,2025-08-30 14:43:07.903 +0700,49,34.95,88.47,51.12,8.54,bad,tertutup,0
474,2025-08-30 14:43:15.275 +0700,73,27.84,69.83,0.91,7.46,good,terbuka,6
475,2025-08-30 14:43:22.640 +0700,72,32.06,54.83,10.69,5.01,warning,tertutup,2
476,2025-08-30 14:43:30.016 +0700,45,23.18,87.24,60.6,4.56,warning,terbuka,2
477,2025-08-30 14:43:38.618 +0700,54,21.68,83.14,56.8,8.02,warning,tertutup,1
478,2025-08-30 14:43:46.013 +0700,80,20.66,58.56,56.22,3.55,bad,tertutup,0
479,2025-08-30 14:43:53.413 +0700,99,21.21,55.15,24.74,4.97,good,tertutup,7
480,2025-08-30 14:44:00.792 +0700,94,26.27,58.75,2.31,3.45,bad,tertutup,0
481,2025-08-30 14:44:08.163 +0700,47,24.09,52.7,55.15,5.36,warning,terbuka,2
482,2025-08-30 14:44:15.559 +0700,89,38.65,73.04,91.4,3.81,bad,terbuka,0
483,2025-08-30 14:44:22.919 +0700,87,32.12,80.95,75.39,3.03,bad,tertutup,0
484,2025-08-30 14:44:30.301 +0700,96,30.04,77.81,77.25,3.12,bad,terbuka,0
485,2025-08-30 14:44:37.683 +0700,39,21.6,75.75,50.83,4.7,warning,terbuka,3
486,2025-08-30 14:44:45.071 +0700,96,24.18,70.78,78.28,4.51,warning,terbuka,3
487,2025-08-30 14:44:52.459 +0700,37,21.92,91.95,38.51,3.84,bad,tertutup,0
488,2025-08-30 14:44:59.842 +0700,67,24.54,50.88,5.32,8.82,bad,tertutup,0
489,2025-08-30 14:45:07.224 +0700,96,26.19,76.14,94.88,3.65,bad,terbuka,0
490,2025-08-30 14:45:14.590 +0700,70,25.12,85.66,10.36,8.21,warning,terbuka,1
491,2025-08-30 14:45:21.966 +0700,99,33.05,53.31,57.65,7.66,warning,terbuka,2
492,2025-08-30 14:45:29.353 +0700,73,38.82,78.66,41.49,4.79,bad,tertutup,0
493,2025-08-30 14:45:36.753 +0700,95,39.52,69.39,65.74,7.18,bad,tertutup,0
494,2025-08-30 14:45:44.160 +0700,44,30.78,80.98,56.51,4.89,warning,terbuka,3
495,2025-08-30 14:45:51.557 +0700,47,20.97,71.66,76.07,3.33,bad,tertutup,0
496,2025-08-30 14:45:58.930 +0700,47,35.1,45.26,25.2,5.21,bad,tertutup,0
497,2025-08-30 14:46:06.320 +0700,72,29.52,71.25,13.58,4.25,warning,tertutup,3
498,2025-08-30 14:46:13.695 +0700,98,32.75,63.01,50.38,3.66,bad,tertutup,0
499,2025-08-30 14:46:21.090 +0700,87,25.57,88.25,22.78,4.7,warning,tertutup,3
500,2025-08-30 14:46:28.511 +0700,68,29.63,53.54,56.78,3.51,bad,tertutup,0
501,2025-08-30 14:46:35.893 +0700,81,25.1,46.13,66.53,8.0,warning,tertutup,1
502,2025-08-30 14:46:43.310 +0700,77,29.35,71.58,45.23,5.9,good,terbuka,10
503,2025-08-30 14:46:50.671 +0700,49,30.14,74.28,67.41,8.16,warning,tertutup,3
504,2025-08-30 14:46:58.042 +0700,47,33.05,91.6,16.63,5.45,bad,terbuka,0
505,2025-08-30 14:47:05.374 +0700,72,31.82,59.99,17.96,4.77,warning,terbuka,2
506,2025-08-30 14:47:12.736 +0700,48,34.88,59.61,12.86,7.29,warning,tertutup,1
507,2025-08-30 14:47:20.134 +0700,60,22.51,84.21,18.74,3.8,bad,tertutup,0
508,2025-08-30 14:47:27.530 +0700,41,31.01,65.37,1.84,4.38,warning,terbuka,2
509,2025-08-30 14:47:34.916 +0700,70,26.37,72.16,78.44,3.39,bad,tertutup,0
510,2025-08-30 14:47:42.309 +0700,76,32.74,49.07,28.25,5.69,warning,terbuka,1
511,2025-08-30 14:47:49.703 +0700,80,30.62,74.75,34.05,6.35,warning,tertutup,1
512,2025-08-30 14:47:57.085 +0700,43,38.81,60.21,49.08,4.45,bad,terbuka,0
513,2025-08-30 14:48:04.485 +0700,53,28.39,58.62,89.61,8.04,bad,terbuka,0
514,2025-08-30 14:48:11.874 +0700,71,39.49,41.14,59.37,7.32,bad,tertutup,0
515,2025-08-30 14:48:19.277 +0700,54,29.83,63.61,47.68,5.87,good,tertutup,6
516,2025-08-30 14:48:26.679 +0700,51,31.42,70.68,99.15,7.39,bad,terbuka,0
517,2025-08-30 14:48:34.049 +0700,86,30.83,80.74,25.73,4.08,warning,tertutup,3
518,2025-08-30 14:48:41.425 +0700,58,39.04,44.53,67.06,6.97,bad,terbuka,0
519,2025-08-30 14:48:48.805 +0700,100,36.87,74.79,1.11,7.44,bad,terbuka,0
520,2025-08-30 14:48:56.163 +0700,87,38.32,43.95,60.25,3.65,bad,tertutup,0
521,2025-08-30 14:49:03.581 +0700,57,23.29,48.89,6.63,5.53,good,terbuka,8
522,2025-08-30 14:49:10.983 +0700,56,33.4,43.78,95.13,4.1,bad,tertutup,0
523,2025-08-30 14:49:18.381 +0700,69,29.59,66.35,50.48,4.29,warning,tertutup,3
524,2025-08-30 14:49:25.790 +0700,73,34.28,46.35,40.6,7.79,warning,terbuka,2
525,2025-08-30 14:49:33.172 +0700,53,33.57,85.5,84.01,7.17,bad,terbuka,0
526,2025-08-30 14:49:40.572 +0700,30,37.95,46.02,48.22,8.52,bad,tertutup,0
527,2025-08-30 14:49:47.951 +0700,68,32.19,57.58,80.42,3.42,bad,terbuka,0
528,2025-08-30 14:49:55.317 +0700,71,38.68,90.41,17.83,6.29,bad,terbuka,0
529,2025-08-30 14:50:02.715 +0700,52,25.82,69.02,65.6,5.76,warning,terbuka,3
530,2025-08-30 14:50:10.050 +0700,53,29.99,80.22,95.4,4.66,bad,terbuka,0
531,2025-08-30 14:50:17.443 +0700,90,20.39,52.67,67.0,4.97,warning,tertutup,1
532,2025-08-30 14:50:24.832 +0700,68,37.11,85.3,14.7,3.74,bad,terbuka,0
533,2025-08-30 14:50:32.180 +0700,42,37.23,77.95,33.96,5.03,bad,terbuka,0
534,2025-08-30 14:50:39.560 +0700,52,35.16,46.46,48.39,3.92,bad,tertutup,0
535,2025-08-30 14:50:46.934 +0700,39,39.3,62.89,99.5,6.23,bad,terbuka,0
536,2025-08-30 14:50:54.326 +0700,38,29.45,66.83,76.8,8.72,bad,tertutup,0
537,2025-08-30 14:51:01.719 +0700,89,32.86,52.76,74.83,7.4,warning,tertutup,2
538,2025-08-30 14:51:09.120 +0700,39,35.76,46.76,30.96,7.6,bad,terbuka,0
539,2025-08-30 14:51:16.477 +0700,78,39.34,55.13,30.31,5.11,bad,tertutup,0
540,2025-08-30 14:51:23.847 +0700,34,38.29,49.01,85.95,8.68,bad,terbuka,0
541,2025-08-30 14:51:31.230 +0700,53,34.21,91.28,4.4,5.82,bad,tertutup,0
542,2025-08-30 14:51:38.557 +0700,55,38.58,72.94,98.89,6.04,bad,terbuka,0
543,2025-08-30 14:51:45.966 +0700,73,31.3,63.0,99.54,7.21,bad,tertutup,0
544,2025-08-30 14:51:53.352 +0700,95,32.13,61.69,39.42,7.68,warning,terbuka,2
545,2025-08-30 14:52:00.744 +0700,45,21.71,80.51,84.65,7.26,bad,tertutup,0
546,2025-08-30 14:52:08.124 +0700,70,27.95,79.58,59.06,4.16,warning,tertutup,2
547,2025-08-30 14:52:15.501 +0700,76,23.07,55.6,21.61,8.63,bad,tertutup,0
548,2025-08-30 14:52:22.899 +0700,42,26.4,52.33,61.29,4.88,warning,terbuka,2
549,2025-08-30 14:52:30.272 +0700,45,31.07,73.32,82.4,4.77,bad,terbuka,0
550,2025-08-30 14:52:37.686 +0700,67,38.33,72.69,61.93,5.2,bad,terbuka,0
551,2025-08-30 14:52:45.071 +0700,58,30.93,83.59,63.52,8.9,bad,tertutup,0
552,2025-08-30 14:52:52.458 +0700,40,32.12,64.94,88.8,8.84,bad,terbuka,0
553,2025-08-30 14:52:59.824 +0700,59,26.13,55.31,42.97,5.89,good,tertutup,6
554,2025-08-30 14:53:07.216 +0700,72,30.23,66.2,18.37,3.06,bad,tertutup,0
555,2025-08-30 14:53:14.600 +0700,84,24.92,76.37,80.17,7.14,bad,tertutup,0
556,2025-08-30 14:53:21.982 +0700,95,30.75,61.54,74.02,6.8,warning,terbuka,3
557,2025-08-30 14:53:29.352 +0700,96,24.74,75.53,7.69,5.49,good,terbuka,7
558,2025-08-30 14:53:36.764 +0700,65,24.29,40.49,1.17,7.85,good,terbuka,6
559,2025-08-30 14:53:44.141 +0700,66,35.9,51.06,9.97,6.77,bad,terbuka,0
560,2025-08-30 14:53:51.529 +0700,95,31.96,76.2,43.38,6.68,warning,tertutup,3
561,2025-08-30 14:53:58.936 +0700,88,30.53,91.93,84.9,4.64,bad,tertutup,0
562,2025-08-30 14:54:06.314 +0700,95,27.47,45.34,68.88,5.54,warning,tertutup,3
563,2025-08-30 14:54:13.702 +0700,34,20.45,83.8,71.28,7.16,warning,terbuka,3
564,2025-08-30 14:54:21.135 +0700,42,31.01,80.53,44.25,8.04,warning,tertutup,1
565,2025-08-30 14:54:28.527 +0700,80,21.26,49.85,2.89,7.18,good,tertutup,10
566,2025-08-30 14:54:35.921 +0700,59,28.26,51.15,17.24,8.59,bad,tertutup,0
567,2025-08-30 14:54:43.294 +0700,94,30.21,47.83,60.45,3.54,bad,tertutup,0
568,2025-08-30 14:54:50.715 +0700,57,25.81,89.65,75.47,3.81,bad,tertutup,0
569,2025-08-30 14:54:58.104 +0700,42,21.42,72.51,28.86,6.88,good,tertutup,8
570,2025-08-30 14:55:05.503 +0700,74,25.31,48.88,31.97,3.99,bad,terbuka,0
571,2025-08-30 14:55:12.898 +0700,55,33.8,78.2,98.09,4.64,bad,tertutup,0
572,2025-08-30 14:55:20.291 +0700,57,34.61,83.21,37.85,8.06,warning,tertutup,2
573,2025-08-30 14:55:27.670 +0700,55,34.93,41.64,84.1,6.9,bad,tertutup,0
574,2025-08-30 14:55:35.053 +0700,80,35.46,88.45,80.99,3.5,bad,tertutup,0
575,2025-08-30 14:55:42.445 +0700,38,24.11,59.16,35.71,8.22,warning,terbuka,2
576,2025-08-30 14:55:49.850 +0700,34,29.82,83.87,41.7,7.1,good,terbuka,5
577,2025-08-30 14:55:57.253 +0700,68,29.08,73.64,50.4,5.0,warning,terbuka,1
578,2025-08-30 14:56:04.665 +0700,84,24.85,91.52,98.94,4.08,bad,terbuka,0
579,2025-08-30 14:56:12.049 +0700,79,38.42,58.24,67.94,3.29,bad,terbuka,0
580,2025-08-30 14:56:19.434 +0700,33,34.78,64.39,92.98,3.61,bad,terbuka,0
581,2025-08-30 14:56:26.813 +0700,55,26.0,50.05,41.74,3.69,bad,terbuka,0
582,2025-08-30 14:56:34.212 +0700,88,26.81,73.41,39.16,3.32,bad,terbuka,0
583,2025-08-30 14:56:41.602 +0700,70,22.08,51.2,92.9,5.81,bad,terbuka,0
584,2025-08-30 14:56:48.996 +0700,74,36.27,91.69,1.67,6.06,bad,tertutup,0
585,2025-08-30 14:56:56.413 +0700,58,32.36,48.72,68.25,7.0,warning,tertutup,2
586,2025-08-30 14:57:03.801 +0700,71,30.48,60.61,5.68,3.68,bad,tertutup,0
587,2025-08-30 14:57:11.182 +0700,80,22.19,45.99,4.74,7.67,good,tertutup,7
588,2025-08-30 14:57:18.559 +0700,61,24.25,84.58,17.89,7.93,good,terbuka,6
589,2025-08-30 14:57:25.952 +0700,81,21.82,79.16,49.02,8.52,bad,terbuka,0
590,2025-08-30 14:57:33.354 +0700,85,36.48,88.32,84.03,5.55,bad,terbuka,0
591,2025-08-30 14:57:40.767 +0700,75,38.81,80.17,28.62,8.48,bad,terbuka,0
592,2025-08-30 14:57:48.155 +0700,66,25.26,77.43,70.61,4.31,warning,terbuka,3
593,2025-08-30 14:57:55.484 +0700,90,34.54,81.95,84.5,6.86,bad,tertutup,0
594,2025-08-30 14:58:02.913 +0700,41,32.66,50.65,41.8,4.65,warning,terbuka,3
595,2025-08-30 14:58:10.309 +0700,84,28.64,61.52,28.97,5.31,good,tertutup,6
596,2025-08-30 14:58:17.723 +0700,51,36.74,68.29,64.19,6.59,bad,terbuka,0
597,2025-08-30 14:58:25.136 +0700,37,39.02,79.05,56.02,8.89,bad,terbuka,0
598,2025-08-30 14:58:32.547 +0700,35,20.05,78.53,59.77,6.62,warning,tertutup,2
599,2025-08-30 14:58:39.911 +0700,56,20.4,51.1,39.68,6.24,good,tertutup,8
600,2025-08-30 14:58:47.283 +0700,77,26.86,71.4,51.28,6.49,warning,tertutup,3
601,2025-08-30 14:58:54.685 +0700,45,24.33,74.81,38.27,5.66,good,tertutup,7
602,2025-08-30 14:59:02.362 +0700,61,22.17,83.2,50.52,5.5,warning,tertutup,2
603,2025-08-30 14:59:09.731 +0700,96,35.59,56.36,64.96,8.36,bad,terbuka,0
604,2025-08-30 14:59:17.121 +0700,77,29.45,64.98,19.69,4.08,warning,tertutup,2
605,2025-08-30 14:59:24.502 +0700,62,27.25,72.07,33.68,4.58,good,tertutup,6
606,2025-08-30 14:59:31.895 +0700,45,32.95,53.76,67.17,5.26,warning,tertutup,3
607,2025-08-30 14:59:39.254 +0700,83,39.47,78.65,57.29,7.37,bad,terbuka,0
608,2025-08-30 14:59:46.634 +0700,94,33.71,87.58,25.19,6.47,warning,tertutup,2
609,2025-08-30 14:59:54.136 +0700,98,28.5,93.78,59.12,6.0,bad,tertutup,0
610,2025-08-30 15:00:01.463 +0700,41,23.98,69.46,20.85,8.26,warning,tertutup,1
611,2025-08-30 15:00:08.859 +0700,37,31.44,46.49,49.29,6.52,warning,tertutup,3
612,2025-08-30 15:00:16.244 +0700,44,35.57,76.22,84.85,8.42,bad,tertutup,0
613,2025-08-30 15:00:23.606 +0700,46,39.36,79.92,38.93,5.65,bad,tertutup,0
614,2025-08-30 15:00:31.015 +0700,40,36.66,79.07,94.88,8.71,bad,tertutup,0
615,2025-08-30 15:00:38.396 +0700,81,22.75,56.68,21.39,4.89,good,tertutup,9
616,2025-08-30 15:00:45.755 +0700,77,36.63,40.43,23.86,5.42,bad,tertutup,0
617,2025-08-30 15:00:53.114 +0700,41,35.38,71.77,71.88,8.45,bad,terbuka,0
618,2025-08-30 15:01:00.508 +0700,57,20.88,89.95,53.05,6.39,warning,tertutup,3
619,2025-08-30 15:01:07.913 +0700,90,20.25,48.75,63.05,3.51,bad,terbuka,0
620,2025-08-30 15:01:15.325 +0700,63,20.38,93.79,33.87,8.4,bad,terbuka,0
621,2025-08-30 15:01:22.725 +0700,51,39.91,49.8,9.14,3.18,bad,terbuka,0
622,2025-08-30 15:01:30.134 +0700,44,22.9,76.5,54.96,6.64,warning,terbuka,2
623,2025-08-30 15:01:37.525 +0700,96,38.8,73.01,90.75,5.03,bad,tertutup,0
624,2025-08-30 15:01:44.914 +0700,65,33.46,84.66,74.14,4.62,warning,tertutup,2
625,2025-08-30 15:01:52.303 +0700,35,20.74,52.21,19.6,4.77,good,terbuka,6
626,2025-08-30 15:01:59.639 +0700,40,29.51,56.01,27.0,6.51,good,tertutup,6
627,2025-08-30 15:02:07.032 +0700,41,39.23,88.53,1.26,6.84,bad,terbuka,0
628,2025-08-30 15:02:14.414 +0700,44,26.18,58.25,86.68,7.72,bad,tertutup,0
629,2025-08-30 15:02:21.828 +0700,44,32.68,80.16,88.18,7.84,bad,tertutup,0
630,2025-08-30 15:02:29.222 +0700,42,20.71,75.22,25.03,6.21,good,terbuka,8
631,2025-08-30 15:02:36.640 +0700,35,22.67,52.22,4.58,6.73,good,tertutup,5
632,2025-08-30 15:02:44.053 +0700,73,22.82,42.91,84.52,4.91,bad,tertutup,0
633,2025-08-30 15:02:51.453 +0700,38,27.87,69.53,50.59,5.36,warning,terbuka,2
634,2025-08-30 15:02:58.867 +0700,98,31.3,52.2,54.03,5.28,warning,tertutup,1
635,2025-08-30 15:03:06.251 +0700,50,20.12,48.15,90.24,4.56,bad,tertutup,0
636,2025-08-30 15:03:13.607 +0700,58,21.63,42.19,56.2,3.83,bad,tertutup,0
637,2025-08-30 15:03:20.965 +0700,90,20.65,82.08,0.13,5.73,good,terbuka,5
638,2025-08-30 15:03:28.346 +0700,35,24.67,49.15,53.0,7.55,warning,tertutup,2
639,2025-08-30 15:03:35.738 +0700,50,27.91,63.65,74.7,6.69,warning,terbuka,3
640,2025-08-30 15:03:43.134 +0700,42,36.78,42.83,43.86,7.45,bad,tertutup,0
641,2025-08-30 15:03:50.553 +0700,61,37.98,59.59,93.44,4.69,bad,terbuka,0
642,2025-08-30 15:03:57.912 +0700,32,26.76,41.97,85.63,5.16,bad,tertutup,0
643,2025-08-30 15:04:05.277 +0700,33,33.64,74.41,69.16,7.75,warning,terbuka,2
644,2025-08-30 15:04:12.650 +0700,32,30.94,63.56,84.68,3.13,bad,tertutup,0
645,2025-08-30 15:04:19.995 +0700,87,30.6,88.69,78.12,6.87,warning,tertutup,2
646,2025-08-30 15:04:27.348 +0700,53,35.38,60.6,29.45,8.36,bad,tertutup,0
647,2025-08-30 15:04:34.727 +0700,78,39.43,74.52,76.91,8.72,bad,tertutup,0
648,2025-08-30 15:04:42.115 +0700,63,21.05,51.27,98.23,3.06,bad,tertutup,0
649,2025-08-30 15:04:49.541 +0700,97,35.35,44.73,98.73,3.83,bad,tertutup,0
650,2025-08-30 15:04:56.910 +0700,67,22.75,74.42,44.81,8.42,warning,tertutup,1
651,2025-08-30 15:05:04.293 +0700,33,27.51,54.44,22.26,8.32,warning,terbuka,1
652,2025-08-30 15:05:11.693 +0700,61,34.25,58.85,70.82,7.49,warning,tertutup,2
653,2025-08-30 15:05:19.123 +0700,38,20.51,69.98,96.77,3.62,bad,terbuka,0
654,2025-08-30 15:05:26.531 +0700,82,20.19,92.87,86.91,7.57,bad,tertutup,0
655,2025-08-30 15:05:33.882 +0700,68,35.65,84.91,77.52,8.66,bad,tertutup,0
656,2025-08-30 15:05:41.254 +0700,88,33.68,92.36,44.51,3.59,bad,tertutup,0
657,2025-08-30 15:05:48.634 +0700,80,34.33,76.84,22.97,8.32,warning,terbuka,2
658,2025-08-30 15:05:56.025 +0700,53,28.95,90.22,1.26,4.05,bad,tertutup,0
659,2025-08-30 15:06:03.428 +0700,93,23.68,89.08,71.92,5.33,warning,tertutup,1
660,2025-08-30 15:06:10.831 +0700,39,28.1,85.36,56.98,5.84,warning,tertutup,3
661,2025-08-30 15:06:18.238 +0700,88,37.04,45.23,92.91,4.71,bad,terbuka,0
662,2025-08-30 15:06:25.629 +0700,39,25.54,47.64,38.51,3.69,bad,tertutup,0
663,2025-08-30 15:06:33.183 +0700,46,24.17,44.34,78.62,8.25,warning,terbuka,2
664,2025-08-30 15:06:40.574 +0700,78,34.85,86.41,51.81,3.64,bad,terbuka,0
665,2025-08-30 15:06:47.969 +0700,72,20.65,81.69,27.7,7.05,good,terbuka,9
666,2025-08-30 15:06:55.363 +0700,60,27.12,41.79,41.04,7.5,good,terbuka,9
667,2025-08-30 15:07:02.755 +0700,76,38.5,41.42,1.95,8.7,bad,tertutup,0
668,2025-08-30 15:07:10.114 +0700,79,25.14,87.61,54.42,5.55,warning,tertutup,3
669,2025-08-30 15:07:17.506 +0700,88,36.74,91.37,97.3,8.89,bad,tertutup,0
670,2025-08-30 15:07:24.833 +0700,67,22.78,65.34,11.3,6.58,good,terbuka,9
671,2025-08-30 15:07:32.245 +0700,54,29.55,69.39,62.61,6.59,warning,terbuka,2
672,2025-08-30 15:07:39.622 +0700,63,29.54,60.66,6.36,6.16,good,tertutup,7
673,2025-08-30 15:07:47.000 +0700,55,39.29,90.18,59.77,6.69,bad,tertutup,0
674,2025-08-30 15:07:54.405 +0700,82,24.9,82.31,38.65,8.43,warning,tertutup,2
675,2025-08-30 15:08:01.802 +0700,44,38.94,66.51,56.8,8.01,bad,tertutup,0
676,2025-08-30 15:08:09.093 +0700,53,23.19,47.28,35.49,7.91,good,tertutup,9
677,2025-08-30 15:08:16.442 +0700,54,31.61,62.0,67.26,5.26,warning,tertutup,1
678,2025-08-30 15:08:23.805 +0700,57,35.26,94.6,83.11,7.66,bad,tertutup,0
679,2025-08-30 15:08:31.171 +0700,37,36.79,47.09,95.6,4.04,bad,tertutup,0
680,2025-08-30 15:08:38.584 +0700,83,26.8,76.93,50.41,4.29,warning,terbuka,1
681,2025-08-30 15:08:45.969 +0700,52,22.92,54.58,44.93,5.12,good,tertutup,9
682,2025-08-30 15:08:53.358 +0700,61,39.86,57.9,64.98,4.81,bad,tertutup,0
683,2025-08-30 15:09:00.718 +0700,77,37.77,81.74,86.27,8.7,bad,terbuka,0
684,2025-08-30 15:09:08.107 +0700,93,33.13,56.94,75.03,6.46,warning,terbuka,2
685,2025-08-30 15:09:15.478 +0700,36,24.6,71.83,20.67,5.83,good,terbuka,9
686,2025-08-30 15:09:22.857 +0700,81,36.54,89.04,63.07,4.21,bad,terbuka,0
687,2025-08-30 15:09:30.231 +0700,30,26.66,53.47,92.88,6.06,bad,tertutup,0
688,2025-08-30 15:09:37.637 +0700,89,39.26,45.1,36.6,5.26,bad,terbuka,0
689,2025-08-30 15:09:45.027 +0700,93,31.92,87.8,26.58,8.77,bad,tertutup,0
690,2025-08-30 15:09:52.437 +0700,71,33.61,72.87,30.11,3.6,bad,terbuka,0
691,2025-08-30 15:09:59.819 +0700,36,26.47,70.93,68.59,8.66,bad,tertutup,0
692,2025-08-30 15:10:07.200 +0700,64,29.41,42.9,57.25,7.71,warning,terbuka,2
693,2025-08-30 15:10:14.534 +0700,75,21.41,50.95,87.61,4.93,bad,terbuka,0
694,2025-08-30 15:10:21.914 +0700,82,27.83,55.55,56.85,5.89,warning,tertutup,3
695,2025-08-30 15:10:29.324 +0700,79,26.57,89.49,5.39,5.61,warning,terbuka,1
696,2025-08-30 15:10:36.706 +0700,92,21.59,59.3,78.41,3.12,bad,tertutup,0
697,2025-08-30 15:10:44.085 +0700,57,39.45,68.96,67.68,8.33,bad,tertutup,0
698,2025-08-30 15:10:51.466 +0700,56,21.16,91.04,52.78,8.5,bad,terbuka,0
699,2025-08-30 15:10:58.850 +0700,47,38.57,89.76,90.4,5.53,bad,tertutup,0
700,2025-08-30 15:11:06.223 +0700,87,24.43,54.25,81.42,4.42,bad,tertutup,0
701,2025-08-30 15:11:13.618 +0700,66,39.85,83.41,38.35,5.82,bad,terbuka,0
702,2025-08-30 15:11:21.003 +0700,54,28.32,41.62,41.69,6.52,good,terbuka,7
703,2025-08-30 15:11:28.378 +0700,33,26.24,53.51,19.6,3.25,bad,tertutup,0
704,2025-08-30 15:11:35.727 +0700,39,30.98,65.35,36.85,4.29,warning,tertutup,2
705,2025-08-30 15:11:43.126 +0700,89,34.77,64.6,20.89,5.13,warning,tertutup,3
706,2025-08-30 15:11:50.516 +0700,55,26.57,88.5,32.48,5.56,warning,tertutup,1
707,2025-08-30 15:11:57.877 +0700,44,24.75,50.93,1.84,7.34,good,tertutup,5
708,2025-08-30 15:12:05.241 +0700,77,29.26,60.46,60.64,7.94,warning,tertutup,2
709,2025-08-30 15:12:12.600 +0700,97,30.47,90.59,9.71,8.44,bad,tertutup,0
710,2025-08-30 15:12:19.975 +0700,56,39.61,47.64,6.24,8.71,bad,terbuka,0
711,2025-08-30 15:12:27.378 +0700,49,28.59,74.6,45.43,5.88,good,terbuka,9
712,2025-08-30 15:12:34.741 +0700,72,28.86,93.69,81.46,3.64,bad,terbuka,0
713,2025-08-30 15:12:42.137 +0700,93,21.69,48.92,43.86,3.29,bad,terbuka,0
714,2025-08-30 15:12:49.509 +0700,33,33.54,42.71,82.16,8.42,bad,terbuka,0
715,2025-08-30 15:12:56.813 +0700,86,25.63,74.29,94.78,3.93,bad,tertutup,0
716,2025-08-30 15:13:04.180 +0700,90,37.02,71.73,53.55,6.59,bad,tertutup,0
717,2025-08-30 15:13:11.585 +0700,83,36.92,42.12,64.03,3.08,bad,terbuka,0
718,2025-08-30 15:13:18.962 +0700,92,26.55,47.49,66.59,5.07,warning,tertutup,3
719,2025-08-30 15:13:26.310 +0700,55,35.29,87.29,22.29,7.02,bad,terbuka,0
720,2025-08-30 15:13:33.702 +0700,95,36.66,77.01,80.57,3.22,bad,tertutup,0
721,2025-08-30 15:13:41.058 +0700,85,23.51,81.11,34.37,5.59,good,terbuka,9
722,2025-08-30 15:13:48.459 +0700,79,33.0,54.52,68.57,5.68,warning,terbuka,1
723,2025-08-30 15:13:55.847 +0700,64,33.52,72.58,7.25,7.11,warning,tertutup,2
724,2025-08-30 15:14:03.251 +0700,82,37.85,51.48,30.69,5.87,bad,terbuka,0
725,2025-08-30 15:14:10.636 +0700,57,37.84,83.92,97.49,5.17,bad,terbuka,0
726,2025-08-30 15:14:18.031 +0700,94,30.74,62.74,82.91,5.3,bad,tertutup,0
727,2025-08-30 15:14:25.437 +0700,65,28.57,55.3,97.09,3.83,bad,tertutup,0
728,2025-08-30 15:14:32.812 +0700,46,26.64,53.46,19.37,7.9,good,tertutup,7
729,2025-08-30 15:14:40.218 +0700,61,34.74,73.57,98.9,5.43,bad,tertutup,0
730,2025-08-30 15:14:47.627 +0700,100,31.71,82.39,28.88,6.3,warning,terbuka,3
731,2025-08-30 15:14:55.030 +0700,73,38.49,45.25,36.26,3.5,bad,tertutup,0
732,2025-08-30 15:15:02.479 +0700,72,35.01,48.0,19.31,3.75,bad,tertutup,0
733,2025-08-30 15:15:09.864 +0700,58,29.05,45.47,23.63,6.67,good,tertutup,6
734,2025-08-30 15:15:17.242 +0700,59,35.51,49.92,66.51,6.54,bad,tertutup,0
735,2025-08-30 15:15:24.620 +0700,49,37.45,49.62,39.24,3.0,bad,terbuka,0
736,2025-08-30 15:15:31.959 +0700,78,25.85,53.93,7.21,5.68,good,tertutup,9
737,2025-08-30 15:15:39.341 +0700,42,27.87,68.46,21.0,5.29,good,terbuka,8
738,2025-08-30 15:15:46.762 +0700,66,36.01,49.39,97.99,8.26,bad,terbuka,0
739,2025-08-30 15:15:54.160 +0700,84,20.01,50.95,78.75,5.36,warning,terbuka,3
740,2025-08-30 15:16:01.525 +0700,49,34.12,72.18,78.94,5.99,warning,tertutup,3
741,2025-08-30 15:16:08.915 +0700,39,21.57,42.78,82.45,4.85,bad,terbuka,0
742,2025-08-30 15:16:16.292 +0700,95,39.47,82.8,64.65,3.48,bad,terbuka,0
743,2025-08-30 15:16:23.678 +0700,65,28.79,71.41,27.59,7.22,good,terbuka,6
744,2025-08-30 15:16:31.109 +0700,63,26.85,40.54,32.99,6.11,good,tertutup,8
745,2025-08-30 15:16:38.491 +0700,81,24.83,56.18,74.01,6.29,warning,tertutup,1
746,2025-08-30 15:16:45.811 +0700,52,24.21,75.27,10.63,6.83,good,terbuka,10
747,2025-08-30 15:16:53.200 +0700,32,26.86,90.24,10.82,5.13,bad,tertutup,0
748,2025-08-30 15:17:00.585 +0700,92,32.2,54.38,50.41,8.8,bad,tertutup,0
749,2025-08-30 15:17:07.966 +0700,44,29.43,92.18,46.48,5.67,bad,terbuka,0
750,2025-08-30 15:17:15.339 +0700,49,20.05,49.25,17.86,7.53,good,tertutup,6
751,2025-08-30 15:17:22.721 +0700,88,33.03,77.18,63.74,4.24,warning,terbuka,1
752,2025-08-30 15:17:30.079 +0700,86,34.85,80.67,32.82,6.07,warning,tertutup,1
753,2025-08-30 15:17:37.490 +0700,46,22.23,67.86,11.53,3.74,bad,terbuka,0
754,2025-08-30 15:17:44.857 +0700,77,38.61,54.11,5.99,6.45,bad,terbuka,0
755,2025-08-30 15:17:52.259 +0700,40,20.13,84.86,70.7,4.31,warning,terbuka,1
756,2025-08-30 15:17:59.648 +0700,74,37.02,94.8,41.18,3.46,bad,terbuka,0
757,2025-08-30 15:18:07.070 +0700,55,24.17,62.12,16.43,6.81,good,terbuka,6
758,2025-08-30 15:18:14.472 +0700,33,30.87,79.32,97.73,5.6,bad,terbuka,0
759,2025-08-30 15:18:21.883 +0700,50,32.12,65.64,4.25,7.77,warning,terbuka,2
760,2025-08-30 15:18:29.302 +0700,69,37.32,62.4,63.11,7.01,bad,terbuka,0
761,2025-08-30 15:18:36.676 +0700,71,30.64,72.13,25.81,5.27,warning,tertutup,3
762,2025-08-30 15:18:44.097 +0700,76,20.2,50.26,9.37,6.1,good,terbuka,8
763,2025-08-30 15:18:51.501 +0700,65,38.14,40.73,8.16,3.96,bad,terbuka,0
764,2025-08-30 15:18:58.899 +0700,98,32.7,91.54,42.25,8.18,bad,terbuka,0
765,2025-08-30 15:19:06.280 +0700,58,36.5,70.66,37.34,8.21,bad,terbuka,0
766,2025-08-30 15:19:13.685 +0700,63,35.9,81.71,74.07,7.17,bad,tertutup,0
767,2025-08-30 15:19:21.062 +0700,84,33.8,68.74,85.34,7.73,bad,terbuka,0
768,2025-08-30 15:19:28.430 +0700,81,38.86,82.49,73.72,8.94,bad,terbuka,0
769,2025-08-30 15:19:35.799 +0700,51,34.83,88.48,83.17,8.88,bad,terbuka,0
770,2025-08-30 15:19:43.213 +0700,39,35.88,82.81,92.27,5.41,bad,terbuka,0
771,2025-08-30 15:19:50.615 +0700,92,33.94,47.21,3.21,4.82,warning,terbuka,2
772,2025-08-30 15:19:58.008 +0700,93,31.53,46.52,48.15,8.4,warning,terbuka,2
773,2025-08-30 15:20:05.406 +0700,63,34.58,91.26,38.56,6.79,bad,tertutup,0
774,2025-08-30 15:20:12.802 +0700,69,26.54,78.72,82.28,4.02,bad,tertutup,0
775,2025-08-30 15:20:20.168 +0700,49,33.87,88.48,48.12,7.41,warning,terbuka,3
776,2025-08-30 15:20:27.529 +0700,34,33.53,79.83,79.76,4.24,warning,terbuka,3
777,2025-08-30 15:20:34.882 +0700,58,28.78,74.56,19.74,7.45,good,tertutup,6
778,2025-08-30 15:20:42.275 +0700,79,35.45,88.14,4.56,4.56,bad,tertutup,0
779,2025-08-30 15:20:49.674 +0700,45,37.2,60.89,59.2,5.05,bad,tertutup,0
780,2025-08-30 15:20:57.061 +0700,33,34.91,64.16,89.75,5.83,bad,tertutup,0
781,2025-08-30 15:21:04.408 +0700,41,23.87,47.34,5.53,5.67,good,terbuka,8
782,2025-08-30 15:21:11.789 +0700,65,21.29,66.97,46.58,8.49,warning,tertutup,3
783,2025-08-30 15:21:19.170 +0700,43,35.79,92.24,27.1,8.5,bad,tertutup,0
784,2025-08-30 15:21:26.553 +0700,70,34.37,88.1,96.47,3.19,bad,terbuka,0
785,2025-08-30 15:21:33.954 +0700,35,26.78,94.61,75.44,5.31,bad,tertutup,0
786,2025-08-30 15:21:41.371 +0700,52,31.74,79.56,33.5,3.07,bad,tertutup,0
787,2025-08-30 15:21:48.772 +0700,85,34.67,65.65,43.57,8.84,bad,terbuka,0
788,2025-08-30 15:21:56.155 +0700,59,35.02,43.4,45.34,3.02,bad,tertutup,0
789,2025-08-30 15:22:03.527 +0700,70,29.49,51.68,81.4,6.95,bad,terbuka,0
790,2025-08-30 15:22:10.930 +0700,32,30.37,69.54,41.36,7.27,warning,terbuka,2
791,2025-08-30 15:22:18.355 +0700,91,25.18,77.5,62.29,3.7,bad,terbuka,0
792,2025-08-30 15:22:25.728 +0700,64,28.82,69.43,69.8,8.43,warning,terbuka,1
793,2025-08-30 15:22:33.256 +0700,95,28.91,69.84,89.6,8.87,bad,terbuka,0
794,2025-08-30 15:22:40.659 +0700,86,26.47,65.8,10.74,3.31,bad,terbuka,0
795,2025-08-30 15:22:48.065 +0700,40,24.54,60.94,77.49,8.16,warning,tertutup,3
796,2025-08-30 15:22:55.425 +0700,57,31.71,93.3,15.48,6.12,bad,tertutup,0
797,2025-08-30 15:23:02.812 +0700,37,32.32,79.75,94.8,8.88,bad,terbuka,0
798,2025-08-30 15:23:10.166 +0700,97,20.87,59.65,58.07,5.38,warning,tertutup,3
799,2025-08-30 15:23:17.572 +0700,90,32.62,43.86,16.58,5.13,warning,terbuka,2
800,2025-08-30 15:23:24.959 +0700,100,33.02,84.85,70.42,4.92,warning,tertutup,1
801,2025-08-30 15:23:32.359 +0700,63,31.08,84.14,1.5,8.68,bad,tertutup,0
802,2025-08-30 15:23:39.725 +0700,71,24.68,79.0,5.98,7.94,good,terbuka,6
803,2025-08-30 15:23:47.109 +0700,60,20.51,46.55,32.49,6.22,good,terbuka,9
804,2025-08-30 15:23:54.441 +0700,36,20.09,59.51,87.93,4.87,bad,terbuka,0
805,2025-08-30 15:24:01.797 +0700,70,23.32,60.82,13.58,5.49,good,terbuka,6
806,2025-08-30 15:24:09.084 +0700,53,38.85,47.09,53.72,5.84,bad,terbuka,0
807,2025-08-30 15:24:16.472 +0700,83,33.25,58.01,44.56,7.88,warning,terbuka,1
808,2025-08-30 15:24:23.864 +0700,57,28.11,78.68,60.63,5.58,warning,terbuka,1
809,2025-08-30 15:24:31.255 +0700,44,35.29,50.47,86.17,5.27,bad,terbuka,0
810,2025-08-30 15:24:38.631 +0700,72,29.47,65.13,65.07,7.12,warning,tertutup,1
811,2025-08-30 15:24:45.963 +0700,94,38.27,87.97,16.19,9.0,bad,tertutup,0
812,2025-08-30 15:24:53.378 +0700,66,25.2,63.16,0.55,7.17,good,terbuka,9
813,2025-08-30 15:25:00.729 +0700,74,25.48,60.99,83.9,5.2,bad,terbuka,0
814,2025-08-30 15:25:08.138 +0700,69,37.87,68.13,71.33,3.47,bad,tertutup,0
815,2025-08-30 15:25:15.531 +0700,51,20.93,76.71,25.74,8.7,bad,terbuka,0
816,2025-08-30 15:25:22.923 +0700,49,28.96,44.72,77.17,6.07,warning,tertutup,2
817,2025-08-30 15:25:30.317 +0700,67,30.54,75.59,79.46,3.99,bad,tertutup,0
818,2025-08-30 15:25:37.731 +0700,88,26.57,78.2,67.3,4.28,warning,tertutup,2
819,2025-08-30 15:25:45.103 +0700,68,36.69,45.54,36.53,5.2,bad,tertutup,0
820,2025-08-30 15:25:52.508 +0700,51,37.21,75.09,28.19,3.99,bad,tertutup,0
821,2025-08-30 15:25:59.900 +0700,32,23.12,94.36,85.2,5.5,bad,tertutup,0
822,2025-08-30 15:26:07.294 +0700,98,26.1,50.21,95.42,6.05,bad,tertutup,0
823,2025-08-30 15:26:14.688 +0700,32,25.78,76.44,60.25,6.65,warning,terbuka,1
824,2025-08-30 15:26:22.080 +0700,53,28.3,56.07,80.29,8.56,bad,terbuka,0
825,2025-08-30 15:26:29.459 +0700,84,26.02,52.08,24.07,5.68,good,terbuka,9
826,2025-08-30 15:26:36.834 +0700,95,35.32,46.44,43.86,7.64,bad,tertutup,0
827,2025-08-30 15:26:44.244 +0700,88,37.51,46.76,35.39,8.25,bad,tertutup,0
828,2025-08-30 15:26:51.611 +0700,69,23.92,71.67,72.88,3.61,bad,tertutup,0
829,2025-08-30 15:26:58.994 +0700,59,37.34,50.96,87.79,7.84,bad,tertutup,0
830,2025-08-30 15:27:06.353 +0700,54,34.56,84.76,80.2,6.14,bad,terbuka,0
831,2025-08-30 15:27:13.711 +0700,92,33.91,51.57,16.9,6.84,warning,terbuka,2
832,2025-08-30 15:27:21.069 +0700,72,36.04,51.2,50.58,3.27,bad,tertutup,0
833,2025-08-30 15:27:28.468 +0700,91,21.6,43.5,4.61,3.92,bad,tertutup,0
834,2025-08-30 15:27:35.813 +0700,32,31.27,58.41,91.18,7.77,bad,tertutup,0
835,2025-08-30 15:27:43.194 +0700,44,26.7,48.78,64.15,6.84,warning,terbuka,1
836,2025-08-30 15:27:50.560 +0700,87,28.17,93.87,73.99,4.76,bad,tertutup,0
837,2025-08-30 15:27:57.922 +0700,59,32.84,69.31,25.84,5.79,warning,terbuka,3
838,2025-08-30 15:28:05.327 +0700,54,20.78,83.36,38.47,6.25,good,tertutup,8
839,2025-08-30 15:28:12.715 +0700,67,35.36,70.66,40.06,6.86,bad,terbuka,0
840,2025-08-30 15:28:20.105 +0700,59,25.77,67.02,13.92,7.5,good,tertutup,7
841,2025-08-30 15:28:27.499 +0700,86,22.75,41.35,59.59,5.97,warning,terbuka,1
842,2025-08-30 15:28:34.868 +0700,87,24.85,58.67,48.22,5.2,good,tertutup,5
843,2025-08-30 15:28:42.232 +0700,62,33.37,81.12,73.32,5.9,warning,terbuka,3
844,2025-08-30 15:28:49.600 +0700,47,21.95,57.91,42.13,6.13,good,tertutup,10
845,2025-08-30 15:28:56.990 +0700,81,23.4,44.42,63.13,8.71,bad,terbuka,0
846,2025-08-30 15:29:04.401 +0700,44,35.94,86.09,35.39,4.22,bad,tertutup,0
847,2025-08-30 15:29:11.811 +0700,98,31.63,91.77,21.84,3.64,bad,terbuka,0
848,2025-08-30 15:29:19.227 +0700,75,20.81,42.94,52.07,3.47,bad,tertutup,0
849,2025-08-30 15:29:26.620 +0700,59,26.56,93.48,82.7,5.72,bad,terbuka,0
850,2025-08-30 15:29:34.005 +0700,72,38.88,60.45,11.28,5.97,bad,tertutup,0
851,2025-08-30 15:29:41.382 +0700,97,29.28,61.61,30.86,4.69,good,terbuka,7
852,2025-08-30 15:29:48.768 +0700,57,36.4,46.06,33.12,5.28,bad,terbuka,0
853,2025-08-30 15:29:56.127 +0700,42,25.08,68.14,91.61,3.53,bad,terbuka,0
854,2025-08-30 15:30:03.528 +0700,79,27.5,75.16,33.28,4.09,warning,tertutup,1
855,2025-08-30 15:30:10.931 +0700,76,27.9,65.48,69.4,7.42,warning,tertutup,3
856,2025-08-30 15:30:18.325 +0700,34,28.46,74.91,74.37,4.94,warning,terbuka,1
857,2025-08-30 15:30:25.684 +0700,46,39.68,66.14,44.36,7.24,bad,tertutup,0
858,2025-08-30 15:30:33.042 +0700,31,29.23,88.03,62.37,8.03,warning,terbuka,3
859,2025-08-30 15:30:40.433 +0700,52,31.55,69.83,81.08,3.39,bad,terbuka,0
860,2025-08-30 15:30:47.834 +0700,66,32.43,74.81,34.93,8.31,warning,tertutup,1
861,2025-08-30 15:30:55.243 +0700,55,25.5,86.23,51.81,4.05,warning,tertutup,1
862,2025-08-30 15:31:02.673 +0700,84,27.29,75.23,11.07,3.69,bad,terbuka,0
863,2025-08-30 15:31:10.073 +0700,33,31.38,50.03,70.14,8.86,bad,tertutup,0
864,2025-08-30 15:31:17.453 +0700,92,36.78,76.28,29.8,7.54,bad,terbuka,0
865,2025-08-30 15:31:24.802 +0700,34,30.03,89.87,48.17,6.67,warning,terbuka,2
866,2025-08-30 15:31:32.111 +0700,98,26.92,79.96,58.09,6.45,warning,terbuka,2
867,2025-08-30 15:31:39.492 +0700,71,38.25,86.09,78.69,4.17,bad,tertutup,0
868,2025-08-30 15:31:46.807 +0700,72,33.7,65.5,20.62,3.86,bad,tertutup,0
869,2025-08-30 15:31:54.190 +0700,74,24.25,67.69,7.18,4.66,good,tertutup,8
870,2025-08-30 15:32:01.570 +0700,90,27.9,79.67,12.7,7.64,good,terbuka,5
871,2025-08-30 15:32:08.935 +0700,37,30.73,53.88,85.85,6.04,bad,terbuka,0
872,2025-08-30 15:32:16.303 +0700,94,37.66,86.98,32.89,4.88,bad,terbuka,0
873,2025-08-30 15:32:23.689 +0700,55,35.65,63.23,96.29,5.59,bad,terbuka,0
874,2025-08-30 15:32:31.077 +0700,48,38.91,82.71,40.04,3.61,bad,terbuka,0
875,2025-08-30 15:32:38.463 +0700,85,34.42,75.42,44.12,3.36,bad,tertutup,0
876,2025-08-30 15:32:45.846 +0700,60,37.22,58.54,40.92,7.45,bad,terbuka,0
877,2025-08-30 15:32:53.239 +0700,56,23.31,54.59,41.22,6.03,good,tertutup,9
878,2025-08-30 15:33:00.618 +0700,30,32.24,56.57,38.64,8.74,bad,terbuka,0
879,2025-08-30 15:33:08.016 +0700,74,36.17,86.92,19.96,4.35,bad,tertutup,0
880,2025-08-30 15:33:15.405 +0700,39,34.36,53.42,90.0,4.68,bad,terbuka,0
881,2025-08-30 15:33:22.842 +0700,89,22.52,79.37,4.36,8.77,bad,terbuka,0
882,2025-08-30 15:33:30.259 +0700,54,31.96,56.7,6.87,4.15,warning,tertutup,1
883,2025-08-30 15:33:37.681 +0700,63,20.58,59.59,55.78,8.67,bad,tertutup,0
884,2025-08-30 15:33:45.177 +0700,42,31.64,57.36,1.36,5.72,warning,tertutup,3
885,2025-08-30 15:33:52.572 +0700,49,32.41,55.84,60.94,6.88,warning,tertutup,1
886,2025-08-30 15:33:59.973 +0700,97,32.15,93.65,61.71,8.9,bad,terbuka,0
887,2025-08-30 15:34:07.374 +0700,92,21.95,93.21,34.72,8.46,bad,terbuka,0
888,2025-08-30 15:34:14.690 +0700,45,27.88,53.42,0.78,7.73,good,terbuka,8
889,2025-08-30 15:34:22.050 +0700,78,20.85,57.94,34.77,8.94,bad,tertutup,0
890,2025-08-30 15:34:29.457 +0700,39,22.44,79.49,99.86,8.04,bad,tertutup,0
891,2025-08-30 15:34:36.866 +0700,59,21.27,66.73,44.76,3.98,bad,tertutup,0
892,2025-08-30 15:34:44.260 +0700,80,34.16,94.07,20.78,5.98,bad,tertutup,0
893,2025-08-30 15:34:51.688 +0700,53,30.22,71.28,3.86,7.77,warning,tertutup,3
894,2025-08-30 15:34:59.065 +0700,52,29.78,65.46,24.53,6.59,good,tertutup,9
895,2025-08-30 15:35:06.466 +0700,38,33.7,50.05,82.65,8.82,bad,terbuka,0
896,2025-08-30 15:35:13.846 +0700,86,37.4,89.53,27.24,5.9,bad,tertutup,0
897,2025-08-30 15:35:21.202 +0700,56,24.26,91.19,93.15,5.06,bad,terbuka,0
898,2025-08-30 15:35:28.581 +0700,65,22.58,64.57,78.32,4.79,warning,tertutup,2
899,2025-08-30 15:35:35.949 +0700,53,22.96,63.49,53.1,5.48,warning,tertutup,1
900,2025-08-30 15:35:43.337 +0700,72,32.25,42.97,22.68,4.71,warning,terbuka,2
901,2025-08-30 15:35:50.733 +0700,89,22.42,49.63,44.29,7.32,good,tertutup,10
902,2025-08-30 15:35:58.099 +0700,43,35.27,76.86,95.41,5.12,bad,tertutup,0
903,2025-08-30 15:36:05.475 +0700,81,37.76,46.11,59.24,8.74,bad,terbuka,0
904,2025-08-30 15:36:12.882 +0700,51,31.51,77.17,91.3,4.87,bad,terbuka,0
905,2025-08-30 15:36:20.238 +0700,86,35.25,75.21,90.19,7.2,bad,tertutup,0
906,2025-08-30 15:36:27.632 +0700,59,38.8,43.44,11.24,7.18,bad,tertutup,0
907,2025-08-30 15:36:34.982 +0700,43,22.47,86.08,67.7,7.41,warning,terbuka,1
908,2025-08-30 15:36:42.338 +0700,34,36.4,63.99,1.62,7.07,bad,tertutup,0
909,2025-08-30 15:36:49.706 +0700,45,23.29,94.91,84.36,4.01,bad,tertutup,0
910,2025-08-30 15:36:57.103 +0700,82,21.6,89.55,78.33,5.04,warning,tertutup,2
911,2025-08-30 15:37:04.490 +0700,93,23.78,76.0,92.16,5.14,bad,tertutup,0
912,2025-08-30 15:37:11.900 +0700,59,33.85,49.52,99.33,5.26,bad,tertutup,0
913,2025-08-30 15:37:19.298 +0700,50,28.07,66.92,10.7,6.21,good,terbuka,5
914,2025-08-30 15:37:26.608 +0700,91,21.21,46.33,10.24,3.26,bad,terbuka,0
915,2025-08-30 15:37:34.003 +0700,64,22.89,79.13,74.08,6.53,warning,terbuka,1
916,2025-08-30 15:37:41.400 +0700,67,23.28,46.86,83.46,8.98,bad,tertutup,0
917,2025-08-30 15:37:48.780 +0700,55,28.24,85.67,73.74,7.79,warning,tertutup,1
918,2025-08-30 15:37:56.165 +0700,56,29.16,52.09,93.54,4.26,bad,tertutup,0
919,2025-08-30 15:38:03.552 +0700,48,33.34,81.27,28.8,8.25,warning,tertutup,3
920,2025-08-30 15:38:10.946 +0700,52,29.71,76.62,6.29,6.14,good,terbuka,7
921,2025-08-30 15:38:18.332 +0700,71,34.87,68.33,74.16,8.14,warning,tertutup,1
922,2025-08-30 15:38:25.702 +0700,91,26.88,76.86,27.08,8.79,bad,terbuka,0
923,2025-08-30 15:38:33.073 +0700,50,38.15,68.78,43.23,5.07,bad,terbuka,0
924,2025-08-30 15:38:40.497 +0700,97,39.07,42.48,51.18,6.68,bad,tertutup,0
925,2025-08-30 15:38:47.875 +0700,75,24.21,92.95,34.0,8.49,bad,terbuka,0
926,2025-08-30 15:38:55.212 +0700,56,22.37,85.38,73.2,4.7,warning,tertutup,1
927,2025-08-30 15:39:02.858 +0700,77,28.72,48.5,76.0,3.95,bad,terbuka,0
928,2025-08-30 15:39:10.251 +0700,35,29.68,42.64,33.99,6.26,good,tertutup,10
929,2025-08-30 15:39:17.621 +0700,94,34.04,83.58,31.25,6.01,warning,tertutup,3
930,2025-08-30 15:39:25.003 +0700,82,26.38,56.6,35.56,5.68,good,tertutup,6
931,2025-08-30 15:39:32.378 +0700,91,31.49,54.55,57.93,3.46,bad,terbuka,0
932,2025-08-30 15:39:39.775 +0700,46,22.57,43.92,17.84,8.94,bad,tertutup,0
933,2025-08-30 15:39:47.149 +0700,52,23.56,80.28,49.78,5.58,good,tertutup,9
934,2025-08-30 15:39:54.607 +0700,88,22.27,71.8,85.8,4.05,bad,tertutup,0
935,2025-08-30 15:40:01.988 +0700,75,35.53,51.27,18.33,7.77,bad,tertutup,0
936,2025-08-30 15:40:09.383 +0700,47,29.98,71.1,72.84,7.81,warning,terbuka,3
937,2025-08-30 15:40:16.765 +0700,70,34.85,40.84,95.07,3.7,bad,tertutup,0
938,2025-08-30 15:40:24.152 +0700,45,38.55,91.69,20.06,7.86,bad,tertutup,0
939,2025-08-30 15:40:31.536 +0700,47,36.14,92.76,9.87,5.62,bad,tertutup,0
940,2025-08-30 15:40:38.946 +0700,58,27.22,51.85,5.13,3.38,bad,tertutup,0
941,2025-08-30 15:40:46.336 +0700,85,35.43,87.06,0.71,4.69,bad,tertutup,0
942,2025-08-30 15:40:53.706 +0700,88,24.09,49.28,50.57,4.12,warning,terbuka,3
943,2025-08-30 15:41:01.106 +0700,76,33.27,80.04,6.8,3.44,bad,tertutup,0
944,2025-08-30 15:41:08.516 +0700,62,21.04,42.67,21.58,8.64,bad,tertutup,0
945,2025-08-30 15:41:15.888 +0700,70,30.59,40.93,63.9,7.0,warning,tertutup,2
946,2025-08-30 15:41:23.271 +0700,64,31.37,51.04,10.15,4.93,warning,tertutup,3
947,2025-08-30 15:41:30.656 +0700,91,24.69,67.97,79.6,7.07,warning,terbuka,1
948,2025-08-30 15:41:38.065 +0700,41,31.96,67.8,86.83,4.62,bad,terbuka,0
949,2025-08-30 15:41:45.472 +0700,65,26.58,61.13,3.76,4.36,warning,terbuka,2
950,2025-08-30 15:41:52.864 +0700,52,35.3,85.55,26.4,6.7,bad,terbuka,0
951,2025-08-30 15:42:00.247 +0700,86,36.09,75.66,59.98,5.01,bad,tertutup,0
952,2025-08-30 15:42:07.597 +0700,63,28.02,71.79,53.21,5.47,warning,terbuka,2
953,2025-08-30 15:42:14.983 +0700,36,23.99,62.69,3.57,5.78,good,tertutup,5
954,2025-08-30 15:42:22.377 +0700,92,30.4,86.87,82.75,4.96,bad,tertutup,0
955,2025-08-30 15:42:29.777 +0700,61,35.93,61.19,22.98,8.02,bad,terbuka,0
956,2025-08-30 15:42:37.177 +0700,36,24.78,54.98,92.28,5.49,bad,tertutup,0
957,2025-08-30 15:42:44.521 +0700,83,31.52,54.2,69.18,4.22,warning,terbuka,3
958,2025-08-30 15:42:51.895 +0700,83,21.61,82.0,27.83,7.72,good,tertutup,9
959,2025-08-30 15:42:59.254 +0700,79,28.35,43.31,8.8,7.04,good,tertutup,9
960,2025-08-30 15:43:06.657 +0700,99,36.89,58.32,38.39,6.65,bad,terbuka,0
961,2025-08-30 15:43:14.046 +0700,89,27.8,60.99,66.44,8.79,bad,terbuka,0
962,2025-08-30 15:43:21.426 +0700,55,20.03,55.91,91.78,5.9,bad,terbuka,0
963,2025-08-30 15:43:28.793 +0700,82,25.79,48.4,94.77,4.99,bad,tertutup,0
964,2025-08-30 15:43:36.155 +0700,84,24.78,49.24,94.1,7.85,bad,tertutup,0
965,2025-08-30 15:43:44.710 +0700,77,29.8,69.72,30.72,8.41,warning,terbuka,1
966,2025-08-30 15:43:52.080 +0700,75,29.91,67.49,88.07,5.75,bad,terbuka,0
967,2025-08-30 15:43:59.461 +0700,75,23.1,83.2,76.82,7.2,warning,tertutup,1
968,2025-08-30 15:44:06.853 +0700,65,39.73,43.57,36.6,3.16,bad,tertutup,0
969,2025-08-30 15:44:14.221 +0700,51,20.82,65.61,95.59,4.98,bad,tertutup,0
970,2025-08-30 15:44:21.610 +0700,70,35.49,88.92,83.28,7.75,bad,terbuka,0
971,2025-08-30 15:44:28.962 +0700,86,23.46,42.0,61.83,8.99,bad,tertutup,0
972,2025-08-30 15:44:36.331 +0700,76,37.38,51.44,6.54,4.96,bad,tertutup,0
973,2025-08-30 15:44:43.699 +0700,63,35.2,77.99,96.74,5.82,bad,tertutup,0
974,2025-08-30 15:44:51.096 +0700,75,25.66,87.93,55.21,6.5,warning,terbuka,1
975,2025-08-30 15:44:58.470 +0700,92,34.27,94.83,71.13,3.71,bad,tertutup,0
976,2025-08-30 15:45:05.857 +0700,92,35.13,87.42,96.62,5.46,bad,tertutup,0
977,2025-08-30 15:45:13.221 +0700,75,35.25,90.23,13.48,7.88,bad,terbuka,0
978,2025-08-30 15:45:20.604 +0700,33,25.25,90.45,87.72,6.72,bad,terbuka,0
979,2025-08-30 15:45:27.986 +0700,47,25.32,79.63,36.66,3.58,bad,tertutup,0
980,2025-08-30 15:45:35.376 +0700,39,34.66,71.74,90.44,6.18,bad,tertutup,0
981,2025-08-30 15:45:42.789 +0700,75,33.59,71.12,17.8,5.61,warning,tertutup,2
982,2025-08-30 15:45:50.175 +0700,64,38.78,87.1,30.89,5.91,bad,terbuka,0
983,2025-08-30 15:45:57.543 +0700,61,20.03,80.02,0.33,4.06,warning,tertutup,1
984,2025-08-30 15:46:04.919 +0700,93,26.58,79.85,19.97,8.19,warning,tertutup,1
985,2025-08-30 15:46:12.303 +0700,82,37.33,52.87,6.17,7.58,bad,tertutup,0
986,2025-08-30 15:46:19.672 +0700,74,27.46,43.37,9.17,6.82,good,tertutup,7
987,2025-08-30 15:46:27.089 +0700,55,29.58,94.26,99.79,7.06,bad,terbuka,0
988,2025-08-30 15:46:34.485 +0700,94,31.88,92.44,90.91,3.67,bad,terbuka,0
989,2025-08-30 15:46:41.901 +0700,42,33.87,92.15,53.5,7.04,bad,terbuka,0
990,2025-08-30 15:46:49.259 +0700,34,36.51,72.84,59.92,8.52,bad,terbuka,0
991,2025-08-30 15:46:56.651 +0700,66,26.7,88.31,8.74,7.76,warning,terbuka,1
992,2025-08-30 15:47:04.061 +0700,45,34.6,55.93,17.83,8.6,bad,terbuka,0
993,2025-08-30 15:47:11.432 +0700,33,34.8,40.39,4.52,6.38,warning,terbuka,2
994,2025-08-30 15:47:18.837 +0700,39,30.58,94.35,78.66,5.4,bad,tertutup,0
995,2025-08-30 15:47:26.213 +0700,80,26.18,78.54,59.79,5.81,warning,tertutup,1
996,2025-08-30 15:47:33.601 +0700,85,27.97,92.6,45.45,5.74,bad,terbuka,0
997,2025-08-30 15:47:40.978 +0700,34,26.49,58.23,15.03,4.16,warning,tertutup,3
998,2025-08-30 15:47:48.375 +0700,63,26.05,74.72,72.32,3.06,bad,tertutup,0
999,2025-08-30 15:47:55.760 +0700,60,24.26,63.19,23.78,6.07,good,terbuka,7
1000,2025-08-30 15:48:03.150 +0700,51,25.5,71.36,61.0,5.34,warning,tertutup,3
1001,2025-08-30 15:48:10.552 +0700,34,23.79,76.84,64.24,7.8,warning,tertutup,3
1002,2025-08-30 15:48:17.927 +0700,60,21.13,93.27,51.62,6.88,bad,terbuka,0
1003,2025-08-30 15:48:25.325 +0700,97,29.91,56.93,36.59,6.38,good,terbuka,6
1004,2025-08-30 15:48:32.702 +0700,53,36.18,69.75,29.03,7.3,bad,tertutup,0
1005,2025-08-30 15:48:40.062 +0700,60,38.85,91.22,86.73,4.3,bad,tertutup,0
1006,2025-08-30 15:48:47.444 +0700,42,29.58,57.4,78.16,6.45,warning,tertutup,3
1007,2025-08-30 15:48:54.787 +0700,39,20.1,93.1,16.46,4.05,bad,tertutup,0
1008,2025-08-30 15:49:02.136 +0700,92,25.51,53.51,80.75,6.94,bad,terbuka,0
1009,2025-08-30 15:49:09.560 +0700,33,28.27,42.36,24.18,4.19,warning,tertutup,2
1010,2025-08-30 15:49:16.942 +0700,31,26.62,73.8,61.74,5.64,warning,terbuka,2
1011,2025-08-30 15:49:24.345 +0700,87,23.12,79.15,81.89,5.97,bad,terbuka,0
1012,2025-08-30 15:49:31.743 +0700,70,30.33,85.05,65.57,3.57,bad,tertutup,0
1013,2025-08-30 15:49:39.137 +0700,67,26.86,85.97,11.25,7.85,warning,terbuka,1
1014,2025-08-30 15:49:46.502 +0700,86,25.28,54.96,31.74,7.03,good,terbuka,8
1015,2025-08-30 15:49:53.880 +0700,44,30.04,73.41,86.82,6.63,bad,tertutup,0
1016,2025-08-30 15:50:01.263 +0700,96,27.89,57.95,11.09,3.83,bad,terbuka,0
1017,2025-08-30 15:50:08.615 +0700,41,28.53,57.04,7.61,6.36,good,tertutup,10
1018,2025-08-30 15:50:16.010 +0700,50,39.37,66.99,27.87,9.0,bad,tertutup,0
1019,2025-08-30 15:50:23.378 +0700,40,39.47,45.91,66.57,3.91,bad,terbuka,0
1020,2025-08-30 15:50:30.793 +0700,94,34.96,94.84,62.03,3.05,bad,terbuka,0
1021,2025-08-30 15:50:38.166 +0700,54,29.74,44.96,53.17,4.79,warning,terbuka,1
1022,2025-08-30 15:50:45.562 +0700,30,27.01,52.87,48.98,8.09,warning,tertutup,2
1023,2025-08-30 15:50:52.927 +0700,77,31.62,87.39,47.5,4.51,warning,tertutup,3
1024,2025-08-30 15:51:00.349 +0700,68,31.8,86.29,97.61,5.53,bad,terbuka,0
1025,2025-08-30 15:51:07.717 +0700,100,32.86,93.18,8.68,5.73,bad,terbuka,0
1026,2025-08-30 15:51:15.115 +0700,61,29.32,80.35,71.14,4.14,warning,tertutup,2
1027,2025-08-30 15:51:22.494 +0700,63,36.59,49.98,20.49,7.66,bad,tertutup,0
1028,2025-08-30 15:51:29.913 +0700,73,32.34,62.15,15.11,6.62,warning,tertutup,3
1029,2025-08-30 15:51:37.284 +0700,34,21.4,69.57,62.75,8.65,bad,terbuka,0
1030,2025-08-30 15:51:44.674 +0700,88,27.06,58.84,55.19,7.3,warning,tertutup,1
1031,2025-08-30 15:51:52.051 +0700,76,39.95,76.44,90.62,6.65,bad,tertutup,0
1032,2025-08-30 15:51:59.429 +0700,94,28.99,85.05,67.53,4.07,warning,terbuka,1
1033,2025-08-30 15:52:06.792 +0700,89,31.31,70.18,94.68,3.94,bad,tertutup,0
1034,2025-08-30 15:52:14.156 +0700,89,25.36,64.87,82.5,8.43,bad,tertutup,0
1035,2025-08-30 15:52:21.559 +0700,86,30.32,42.13,68.05,8.27,warning,tertutup,1
1036,2025-08-30 15:52:28.966 +0700,40,22.27,57.81,89.09,6.01,bad,tertutup,0
1037,2025-08-30 15:52:36.354 +0700,77,29.6,52.28,92.31,3.54,bad,terbuka,0
1038,2025-08-30 15:52:43.732 +0700,86,34.06,52.05,16.43,6.09,warning,terbuka,3
1039,2025-08-30 15:52:51.127 +0700,34,34.86,85.53,10.39,5.62,warning,tertutup,2
1040,2025-08-30 15:52:58.493 +0700,79,20.56,47.26,42.92,6.74,good,tertutup,6
1041,2025-08-30 15:53:05.894 +0700,74,20.26,45.02,6.24,8.76,bad,terbuka,0
1042,2025-08-30 15:53:13.275 +0700,44,38.85,93.53,82.65,4.6,bad,terbuka,0
1043,2025-08-30 15:53:20.669 +0700,57,23.52,50.67,25.65,3.25,bad,tertutup,0
1044,2025-08-30 15:53:28.062 +0700,33,30.11,45.6,42.25,6.44,warning,terbuka,2
1045,2025-08-30 15:53:35.430 +0700,35,38.78,50.87,64.44,5.31,bad,terbuka,0
1046,2025-08-30 15:53:42.816 +0700,98,29.45,40.76,40.71,5.82,good,terbuka,5
1047,2025-08-30 15:53:50.229 +0700,47,23.6,59.94,26.44,7.98,good,terbuka,10
1048,2025-08-30 15:53:57.631 +0700,70,27.61,48.25,32.88,7.97,good,terbuka,5
1049,2025-08-30 15:54:05.044 +0700,83,27.2,88.91,10.92,7.27,warning,tertutup,3
1050,2025-08-30 15:54:12.357 +0700,70,37.71,58.18,41.65,7.84,bad,terbuka,0
1051,2025-08-30 15:54:19.739 +0700,66,35.53,90.68,98.15,6.81,bad,tertutup,0
1052,2025-08-30 15:54:27.113 +0700,65,21.91,43.9,68.72,6.84,warning,terbuka,2
1053,2025-08-30 15:54:34.506 +0700,69,36.7,90.59,14.33,6.98,bad,terbuka,0
1054,2025-08-30 15:54:41.898 +0700,98,25.98,82.51,93.48,7.19,bad,tertutup,0
1055,2025-08-30 15:54:49.302 +0700,66,21.71,58.32,58.54,8.47,warning,terbuka,3
1056,2025-08-30 15:54:56.688 +0700,96,33.85,45.09,34.85,3.36,bad,terbuka,0
1057,2025-08-30 15:55:04.078 +0700,73,38.13,89.8,92.44,8.2,bad,terbuka,0
1058,2025-08-30 15:55:11.471 +0700,82,21.44,88.81,39.99,5.64,warning,tertutup,3
1059,2025-08-30 15:55:18.847 +0700,88,35.27,66.41,63.25,7.5,bad,tertutup,0
1060,2025-08-30 15:55:26.233 +0700,95,30.28,86.51,37.6,3.95,bad,tertutup,0
1061,2025-08-30 15:55:33.592 +0700,76,33.34,73.6,87.66,8.76,bad,tertutup,0
1062,2025-08-30 15:55:40.982 +0700,41,37.15,58.09,98.89,4.33,bad,terbuka,0
1063,2025-08-30 15:55:48.361 +0700,80,26.96,50.25,9.13,7.28,good,tertutup,10
1064,2025-08-30 15:55:55.754 +0700,94,24.15,43.97,33.39,7.24,good,terbuka,6
1065,2025-08-30 15:56:03.131 +0700,86,31.82,71.35,72.45,8.4,warning,terbuka,3
1066,2025-08-30 15:56:10.508 +0700,93,21.49,93.61,5.43,5.76,bad,terbuka,0
1067,2025-08-30 15:56:17.874 +0700,74,29.06,61.69,63.04,4.9,warning,terbuka,1
1068,2025-08-30 15:56:25.270 +0700,80,29.7,71.5,11.65,6.93,good,terbuka,6
1069,2025-08-30 15:56:32.650 +0700,80,32.42,70.27,33.89,6.9,warning,terbuka,3
1070,2025-08-30 15:56:40.048 +0700,33,34.47,58.47,26.44,6.04,warning,terbuka,2
1071,2025-08-30 15:56:47.426 +0700,78,29.81,89.08,96.45,7.13,bad,terbuka,0
1072,2025-08-30 15:56:54.757 +0700,45,33.86,61.41,83.05,5.5,bad,tertutup,0
1073,2025-08-30 15:57:02.132 +0700,75,34.46,92.79,33.55,5.88,bad,tertutup,0
1074,2025-08-30 15:57:09.543 +0700,44,26.01,68.46,14.68,4.02,warning,tertutup,1
1075,2025-08-30 15:57:16.960 +0700,44,24.22,65.51,33.2,6.23,good,tertutup,8
1076,2025-08-30 15:57:24.382 +0700,36,38.06,86.3,93.25,7.96,bad,terbuka,0
1077,2025-08-30 15:57:31.757 +0700,50,21.24,83.77,61.81,7.37,warning,tertutup,2
1078,2025-08-30 15:57:39.133 +0700,41,34.2,49.3,40.06,4.55,warning,tertutup,1
1079,2025-08-30 15:57:46.487 +0700,79,34.23,78.04,51.86,5.83,warning,terbuka,1
1080,2025-08-30 15:57:53.882 +0700,83,27.84,65.37,86.77,4.93,bad,terbuka,0
1081,2025-08-30 15:58:01.224 +0700,59,36.08,88.35,83.55,5.32,bad,terbuka,0
1082,2025-08-30 15:58:08.622 +0700,77,22.18,43.25,23.81,7.57,good,tertutup,5
1083,2025-08-30 15:58:16.008 +0700,63,39.85,62.3,23.44,3.82,bad,tertutup,0
1084,2025-08-30 15:58:23.397 +0700,68,23.54,58.92,18.68,8.58,bad,terbuka,0
1085,2025-08-30 15:58:30.774 +0700,80,25.65,59.08,58.64,8.8,bad,tertutup,0
1086,2025-08-30 15:58:38.163 +0700,65,25.82,56.41,71.25,3.48,bad,tertutup,0
1087,2025-08-30 15:58:45.585 +0700,95,23.27,49.2,16.71,6.73,good,terbuka,10
1088,2025-08-30 15:58:52.990 +0700,66,27.65,71.33,3.89,4.38,warning,tertutup,2
1089,2025-08-30 15:59:00.382 +0700,81,21.84,68.91,18.77,7.9,good,terbuka,7
1090,2025-08-30 15:59:07.760 +0700,65,37.12,77.09,69.62,5.82,bad,terbuka,0
1091,2025-08-30 15:59:15.104 +0700,98,20.75,74.84,36.32,5.47,good,terbuka,6
1092,2025-08-30 15:59:22.465 +0700,61,22.28,61.17,14.1,8.63,bad,terbuka,0
1093,2025-08-30 15:59:29.841 +0700,41,36.44,61.56,60.57,4.19,bad,tertutup,0
1094,2025-08-30 15:59:37.207 +0700,39,23.45,73.06,31.15,6.01,good,terbuka,5
1095,2025-08-30 15:59:44.591 +0700,42,27.96,64.37,59.89,4.99,warning,terbuka,2
1096,2025-08-30 15:59:51.963 +0700,41,21.7,45.92,65.62,4.73,warning,tertutup,3
1097,2025-08-30 15:59:59.319 +0700,53,31.72,80.79,41.8,8.1,warning,terbuka,3
1098,2025-08-30 16:00:06.682 +0700,47,22.41,60.23,55.77,3.61,bad,terbuka,0
1099,2025-08-30 16:00:14.087 +0700,47,22.71,90.38,17.24,3.18,bad,tertutup,0
1100,2025-08-30 16:00:21.462 +0700,49,25.56,56.75,45.26,3.27,bad,terbuka,0
1101,2025-08-30 16:00:28.842 +0700,100,28.28,85.18,88.54,8.46,bad,tertutup,0
1102,2025-08-30 16:00:36.215 +0700,42,23.49,81.86,74.48,4.93,warning,tertutup,2
1103,2025-08-30 16:00:43.570 +0700,44,26.62,43.9,54.36,4.88,warning,terbuka,2
1104,2025-08-30 16:00:50.884 +0700,89,34.73,50.24,96.97,8.26,bad,terbuka,0
1105,2025-08-30 16:00:58.255 +0700,93,25.09,73.4,78.97,8.5,warning,terbuka,3
1106,2025-08-30 16:01:05.680 +0700,38,29.11,57.1,25.47,3.33,bad,tertutup,0
1107,2025-08-30 16:01:13.065 +0700,75,36.67,54.71,49.88,4.8,bad,tertutup,0
1108,2025-08-30 16:01:20.365 +0700,40,37.79,57.82,53.0,5.93,bad,terbuka,0
1109,2025-08-30 16:01:27.768 +0700,46,21.4,93.09,38.97,5.2,bad,terbuka,0
1110,2025-08-30 16:01:35.109 +0700,60,20.03,63.52,71.48,7.28,warning,terbuka,2
1111,2025-08-30 16:01:42.508 +0700,79,28.17,76.03,14.27,6.49,good,terbuka,10
1112,2025-08-30 16:01:49.908 +0700,56,24.96,43.09,54.45,6.11,warning,terbuka,3
1113,2025-08-30 16:01:57.280 +0700,38,22.32,58.12,89.73,5.05,bad,terbuka,0
1114,2025-08-30 16:02:04.675 +0700,81,27.33,40.13,54.0,8.7,bad,terbuka,0
1115,2025-08-30 16:02:12.064 +0700,63,27.12,55.02,58.84,5.03,warning,terbuka,1
1116,2025-08-30 16:02:19.489 +0700,58,29.25,47.41,80.02,8.9,bad,tertutup,0
1117,2025-08-30 16:02:26.895 +0700,63,38.85,75.45,59.9,4.1,bad,terbuka,0
1118,2025-08-30 16:02:34.248 +0700,92,28.26,81.54,87.84,5.88,bad,terbuka,0
1119,2025-08-30 16:02:41.615 +0700,84,25.69,94.67,81.17,6.2,bad,terbuka,0
